session_id,group_id,condition,source_file,conversation_id,sequence_index,timestamp,speaker,phase,robot_turn_index,triggered_robot,text,mercer_label,is_coded,label_confidence,label_rationale
,,Proactive_Supportive,group13_CONVO.txt,group13_CONVO,1,,PARTICIPANT_26,,,,We don't like the food we have here.,,no,0.00,"no explicit disputational, cumulative, or exploratory talk marker"
,,Proactive_Supportive,group13_CONVO.txt,group13_CONVO,2,,PARTICIPANT_26,,,,What do you think we can do?,,no,0.00,"no explicit disputational, cumulative, or exploratory talk marker"
,,Proactive_Supportive,group13_CONVO.txt,group13_CONVO,16,,PARTICIPANT_26,,,,The minimum wage is quite high.,,no,0.00,"no explicit disputational, cumulative, or exploratory talk marker"
,,Proactive_Supportive,group13_CONVO.txt,group13_CONVO,19,,PARTICIPANT_26,,,,"What do you think we can do to still have those foods, yet not making the price too high?",,no,0.00,"no explicit disputational, cumulative, or exploratory talk marker"
,,Proactive_Supportive,group13_CONVO.txt,group13_CONVO,20,,PARTICIPANT_26,,,,Pepper?,,no,0.00,no explicit Mercer talk type
,,Proactive_Supportive,group13_CONVO.txt,group13_CONVO,21,,PARTICIPANT_26,,,,Hello?,,no,0.00,no explicit Mercer talk type
,,Proactive_Supportive,group13_CONVO.txt,group13_CONVO,28,,PARTICIPANT_26,,,,"OK, thank you, Pepper.",,no,0.00,"task management, robot address, or social talk without explicit Mercer talk type"
,,Proactive_Supportive,group13_CONVO.txt,group13_CONVO,29,,PARTICIPANT_26,,,,Bye bye.,,no,0.00,no explicit Mercer talk type
,,Proactive_Supportive,group13_CONVO.txt,group13_CONVO,35,,PARTICIPANT_26,,,,"You done, bro?",,no,0.00,"no explicit disputational, cumulative, or exploratory talk marker"
,,Proactive_Supportive,group13_CONVO.txt,group13_CONVO,36,,PARTICIPANT_26,,,,Ever?,,no,0.00,no explicit Mercer talk type
,,Proactive_Supportive,group13_CONVO.txt,group13_CONVO,56,,PARTICIPANT_26,,,,"Do we just abort the mission, Pepper?",,no,0.00,"task management, robot address, or social talk without explicit Mercer talk type"
,,Proactive_Supportive,group13_CONVO.txt,group13_CONVO,61,,PARTICIPANT_25,,,,"I think the cafe, the size is small.",,no,0.00,"no explicit disputational, cumulative, or exploratory talk marker"
,,Proactive_Supportive,group13_CONVO.txt,group13_CONVO,62,,PARTICIPANT_25,,,,It cannot contain all kinds of cultures.,,no,0.00,"no explicit disputational, cumulative, or exploratory talk marker"
,,Proactive_Supportive,group13_CONVO.txt,group13_CONVO,63,,PARTICIPANT_25,,,,What do you think?,,no,0.00,"task management, robot address, or social talk without explicit Mercer talk type"
,,Proactive_Supportive,group13_CONVO.txt,group13_CONVO,64,,PARTICIPANT_25,,,,Pepper?,,no,0.00,no explicit Mercer talk type
,,Proactive_Supportive,group13_CONVO.txt,group13_CONVO,68,,PARTICIPANT_26,,,,Do you realistically think that it's going to be a horror for students to do that type of thing?,,no,0.00,"no explicit disputational, cumulative, or exploratory talk marker"
,,Proactive_Supportive,group13_CONVO.txt,group13_CONVO,79,,PARTICIPANT_26,,,,"We got like one hour for our lunch to get out of our lecture room, to go to the cafeteria, grab the food, eat,",,no,0.00,"no explicit disputational, cumulative, or exploratory talk marker"
,,Proactive_Supportive,group13_CONVO.txt,group13_CONVO,81,,PARTICIPANT_26,,,,"You think we can possibly kill a fish, skin the fish, chop it up, and make sushi ourselves, and eat it in less than an hour?",,no,0.00,"no explicit disputational, cumulative, or exploratory talk marker"
,,Proactive_Supportive,group13_CONVO.txt,group13_CONVO,82,,PARTICIPANT_26,,,,Pepper?,,no,0.00,no explicit Mercer talk type
,,Proactive_Supportive,group13_CONVO.txt,group13_CONVO,86,,PARTICIPANT_25,,,,"If you ask me to cook during lunch break, I'll be mad.",,no,0.00,"no explicit disputational, cumulative, or exploratory talk marker"
,,Proactive_Supportive,group13_CONVO.txt,group13_CONVO,94,,PARTICIPANT_25,,,,"Then I will have no time to eat, Pepper.",,no,0.00,"no explicit disputational, cumulative, or exploratory talk marker"
,,Proactive_Supportive,group14_CONVO.txt,group14_CONVO,2,,PARTICIPANT_28,,,,"Okay, I feel like TU Delft has a lot of smaller scale events that are held by associations or within the majors themselves.",,no,0.00,"task management, robot address, or social talk without explicit Mercer talk type"
,,Proactive_Supportive,group14_CONVO.txt,group14_CONVO,5,,PARTICIPANT_27,,,,I totally agree.,,no,0.00,"no explicit disputational, cumulative, or exploratory talk marker"
,,Proactive_Supportive,group14_CONVO.txt,group14_CONVO,6,,PARTICIPANT_27,,,,I'm experiencing similar things.,,no,0.00,"no explicit disputational, cumulative, or exploratory talk marker"
,,Proactive_Supportive,group14_CONVO.txt,group14_CONVO,7,,PARTICIPANT_27,,,,"Especially at Bachelors, we have more events held by the university and everything.",,no,0.00,"no explicit disputational, cumulative, or exploratory talk marker"
,,Proactive_Supportive,group14_CONVO.txt,group14_CONVO,8,,PARTICIPANT_27,,,,I think the TU Delft lacks in that part of it.,,no,0.00,"no explicit disputational, cumulative, or exploratory talk marker"
,,Proactive_Supportive,group14_CONVO.txt,group14_CONVO,9,,PARTICIPANT_27,,,,"Pepper, what do you think about events and activities on campus?",,no,0.00,"task management, robot address, or social talk without explicit Mercer talk type"
,,Proactive_Supportive,group14_CONVO.txt,group14_CONVO,13,,PARTICIPANT_27,,,,One other thing is food and services.,,no,0.00,"no explicit disputational, cumulative, or exploratory talk marker"
,,Proactive_Supportive,group14_CONVO.txt,group14_CONVO,14,,PARTICIPANT_27,,,,"At TU Delft campus, I think it's",,no,0.00,"no explicit disputational, cumulative, or exploratory talk marker"
,,Proactive_Supportive,group14_CONVO.txt,group14_CONVO,15,,PARTICIPANT_27,,,,expensive for students to afford everyday meals here and everything.,,no,0.00,"no explicit disputational, cumulative, or exploratory talk marker"
,,Proactive_Supportive,group14_CONVO.txt,group14_CONVO,16,,PARTICIPANT_27,,,,How about you?,,no,0.00,"no explicit disputational, cumulative, or exploratory talk marker"
,,Proactive_Supportive,group14_CONVO.txt,group14_CONVO,19,,PARTICIPANT_28,,,,"I've only seen two food trucks, and there are only about two, three restaurants within the campus.",,no,0.00,"no explicit disputational, cumulative, or exploratory talk marker"
,,Proactive_Supportive,group14_CONVO.txt,group14_CONVO,21,,PARTICIPANT_28,,,,It's quite hard to afford.,,no,0.00,"no explicit disputational, cumulative, or exploratory talk marker"
,,Proactive_Supportive,group14_CONVO.txt,group14_CONVO,22,,PARTICIPANT_28,,,,"Even the school markets in the campus, they're pretty expensive.",,no,0.00,"no explicit disputational, cumulative, or exploratory talk marker"
,,Proactive_Supportive,group14_CONVO.txt,group14_CONVO,23,,PARTICIPANT_28,,,,"Pepper, what do you think is the best way to reduce the food price within the campus?",,no,0.00,"task management, robot address, or social talk without explicit Mercer talk type"
,,Proactive_Supportive,group14_CONVO.txt,group14_CONVO,26,,PARTICIPANT_27,,,,Sounds like a solution to me.,,no,0.00,"no explicit disputational, cumulative, or exploratory talk marker"
,,Proactive_Supportive,group14_CONVO.txt,group14_CONVO,28,,PARTICIPANT_27,,,,Pepper?,,no,0.00,no explicit Mercer talk type
,,Proactive_Supportive,group14_CONVO.txt,group14_CONVO,34,,PARTICIPANT_28,,,,How would that affect them?,,no,0.00,"no explicit disputational, cumulative, or exploratory talk marker"
,,Proactive_Supportive,group14_CONVO.txt,group14_CONVO,39,,PARTICIPANT_27,,,,"from abroad, I think will be not really available for school students.",,no,0.00,"no explicit disputational, cumulative, or exploratory talk marker"
,,Proactive_Supportive,group14_CONVO.txt,group14_CONVO,40,,PARTICIPANT_27,,,,What do you think?,,no,0.00,"task management, robot address, or social talk without explicit Mercer talk type"
,,Proactive_Supportive,group14_CONVO.txt,group14_CONVO,45,,PARTICIPANT_27,,,,"To be honest,",,no,0.00,"no explicit disputational, cumulative, or exploratory talk marker"
,,Proactive_Supportive,group14_CONVO.txt,group14_CONVO,47,,PARTICIPANT_27,,,,What do you think?,,no,0.00,"task management, robot address, or social talk without explicit Mercer talk type"
,,Proactive_Supportive,group14_CONVO.txt,group14_CONVO,51,,PARTICIPANT_28,,,,"Okay, I think the process example is pretty nice.",,no,0.00,"task management, robot address, or social talk without explicit Mercer talk type"
,,Proactive_Supportive,group14_CONVO.txt,group14_CONVO,52,,PARTICIPANT_28,,,,"One thing I also noticed by visiting some other universities in Korea and US, one thing I noticed there is that they need to have student IDs to enter the building, campus buildings.",,no,0.00,"no explicit disputational, cumulative, or exploratory talk marker"
,,Proactive_Supportive,group14_CONVO.txt,group14_CONVO,54,,PARTICIPANT_28,,,,"every age, every gender, or whatever, they can enter any kind of university building, at least most of it.",,no,0.00,"no explicit disputational, cumulative, or exploratory talk marker"
,,Proactive_Supportive,group14_CONVO.txt,group14_CONVO,55,,PARTICIPANT_28,,,,And I feel like that's quite a bit of a risk for students studying inside the building.,,no,0.00,"no explicit disputational, cumulative, or exploratory talk marker"
,,Proactive_Supportive,group14_CONVO.txt,group14_CONVO,57,,PARTICIPANT_28,,,,"Do you think this is safe for all students, or do you think something should change?",,no,0.00,"no explicit disputational, cumulative, or exploratory talk marker"
,,Proactive_Supportive,group14_CONVO.txt,group14_CONVO,62,,PARTICIPANT_28,,,,"What our university is doing to students about our well-being, both physically and mentally?",,no,0.00,"no explicit disputational, cumulative, or exploratory talk marker"
,,Proactive_Supportive,group14_CONVO.txt,group14_CONVO,63,,PARTICIPANT_27,,,,"Well-being, to be honest, I don't know.",,no,0.00,"no explicit disputational, cumulative, or exploratory talk marker"
,,Proactive_Supportive,group14_CONVO.txt,group14_CONVO,64,,PARTICIPANT_27,,,,"I do have a problem, actually.",,no,0.00,"no explicit disputational, cumulative, or exploratory talk marker"
,,Proactive_Supportive,group14_CONVO.txt,group14_CONVO,66,,PARTICIPANT_27,,,,Do Delph really has any program regarding that?,,no,0.00,"no explicit disputational, cumulative, or exploratory talk marker"
,,Proactive_Supportive,group14_CONVO.txt,group14_CONVO,67,,PARTICIPANT_27,,,,Or am I just being unaware of it?,,no,0.00,"no explicit disputational, cumulative, or exploratory talk marker"
,,Proactive_Supportive,group14_CONVO.txt,group14_CONVO,68,,PARTICIPANT_27,,,,Do you know any?,,no,0.00,"no explicit disputational, cumulative, or exploratory talk marker"
,,Proactive_Supportive,group14_CONVO.txt,group14_CONVO,69,,PARTICIPANT_28,,,,Not really.,,no,0.00,no explicit Mercer talk type
,,Proactive_Supportive,group14_CONVO.txt,group14_CONVO,70,,PARTICIPANT_28,,,,"I mean, the only thing I know is that new students who pay their tuition, it's a priority to housing services.",,no,0.00,"no explicit disputational, cumulative, or exploratory talk marker"
,,Proactive_Supportive,group14_CONVO.txt,group14_CONVO,72,,PARTICIPANT_28,,,,"Pepper, what do you think about housing problems in the Netherlands and the TU Delft campus?",,no,0.00,"task management, robot address, or social talk without explicit Mercer talk type"
,,Proactive_Supportive,group14_CONVO.txt,group14_CONVO,76,,PARTICIPANT_27,,,,Which kind of organization do you think can help us get through this housing crisis better?,,no,0.00,"no explicit disputational, cumulative, or exploratory talk marker"
,,Proactive_Supportive,group14_CONVO.txt,group14_CONVO,80,,PARTICIPANT_27,,,,I'm already aware of one.,,no,0.00,"no explicit disputational, cumulative, or exploratory talk marker"
,,Proactive_Supportive,group15_CONVO.txt,group15_CONVO,1,,PARTICIPANT_30,,,,Well for the three years that I've been here I've seen like I've never really eaten the food in the cafeteria because it's all vegan and I don't really like vegan food so I decided to go to the Turkish place which is the most affordable.,,no,0.00,"no explicit disputational, cumulative, or exploratory talk marker"
,,Proactive_Supportive,group15_CONVO.txt,group15_CONVO,2,,PARTICIPANT_29,,,,I didn't know that all the cafeterias are here.,,no,0.00,"no explicit disputational, cumulative, or exploratory talk marker"
,,Proactive_Supportive,group15_CONVO.txt,group15_CONVO,3,,PARTICIPANT_29,,,,Not all.,,no,0.00,no explicit Mercer talk type
,,Proactive_Supportive,group15_CONVO.txt,group15_CONVO,5,,PARTICIPANT_30,,,,I don't know.,,no,0.00,"no explicit disputational, cumulative, or exploratory talk marker"
,,Proactive_Supportive,group15_CONVO.txt,group15_CONVO,6,,PARTICIPANT_30,,,,What do you think about the food specifically?,,no,0.00,"task management, robot address, or social talk without explicit Mercer talk type"
,,Proactive_Supportive,group15_CONVO.txt,group15_CONVO,8,,PARTICIPANT_30,,,,You what?,,no,0.00,no explicit Mercer talk type
,,Proactive_Supportive,group15_CONVO.txt,group15_CONVO,9,,PARTICIPANT_29,,,,I also never eat.,,no,0.00,"no explicit disputational, cumulative, or exploratory talk marker"
,,Proactive_Supportive,group15_CONVO.txt,group15_CONVO,17,,PARTICIPANT_29,,,,often because we have non vegan food.,,no,0.00,"no explicit disputational, cumulative, or exploratory talk marker"
,,Proactive_Supportive,group15_CONVO.txt,group15_CONVO,19,,PARTICIPANT_29,,,,I think the main problem that people have with meat is because some of the companies are very nominative.,,no,0.00,"no explicit disputational, cumulative, or exploratory talk marker"
,,Proactive_Supportive,group15_CONVO.txt,group15_CONVO,20,,PARTICIPANT_29,,,,They stick chickens together and they don't have space to move.,,no,0.00,"no explicit disputational, cumulative, or exploratory talk marker"
,,Proactive_Supportive,group15_CONVO.txt,group15_CONVO,21,,PARTICIPANT_29,,,,They don't even cut their beaks so they don't fight with each other.,,no,0.00,"no explicit disputational, cumulative, or exploratory talk marker"
,,Proactive_Supportive,group15_CONVO.txt,group15_CONVO,23,,PARTICIPANT_30,,,,That's an issue for the whole European Union.,,no,0.00,"no explicit disputational, cumulative, or exploratory talk marker"
,,Proactive_Supportive,group15_CONVO.txt,group15_CONVO,24,,PARTICIPANT_30,,,,qualified for this task.,,no,0.00,"no explicit disputational, cumulative, or exploratory talk marker"
,,Proactive_Supportive,group15_CONVO.txt,group15_CONVO,26,,PARTICIPANT_30,,,,"I don't know, you have been here for three years I'm assuming?",,no,0.00,"no explicit disputational, cumulative, or exploratory talk marker"
,,Proactive_Supportive,group15_CONVO.txt,group15_CONVO,27,,PARTICIPANT_30,,,,I've been here for four years.,,no,0.00,"no explicit disputational, cumulative, or exploratory talk marker"
,,Proactive_Supportive,group15_CONVO.txt,group15_CONVO,30,,PARTICIPANT_29,,,,This is mine.,,no,0.00,"no explicit disputational, cumulative, or exploratory talk marker"
,,Proactive_Supportive,group15_CONVO.txt,group15_CONVO,31,,PARTICIPANT_29,,,,I'm going to steal this conversation.,,no,0.00,"no explicit disputational, cumulative, or exploratory talk marker"
,,Proactive_Supportive,group15_CONVO.txt,group15_CONVO,33,,PARTICIPANT_29,,,,"I mean, what's your issue?",,no,0.00,"no explicit disputational, cumulative, or exploratory talk marker"
,,Proactive_Supportive,group15_CONVO.txt,group15_CONVO,34,,PARTICIPANT_30,,,,or it's the middle of a lecture and just go and grab a Snickers prize.,,no,0.00,"no explicit disputational, cumulative, or exploratory talk marker"
,,Proactive_Supportive,group15_CONVO.txt,group15_CONVO,36,,PARTICIPANT_30,,,,I'm fine with that.,,no,0.00,"no explicit disputational, cumulative, or exploratory talk marker"
,,Proactive_Supportive,group15_CONVO.txt,group15_CONVO,37,,PARTICIPANT_30,,,,I think that's a good idea.,,no,0.00,"no explicit disputational, cumulative, or exploratory talk marker"
,,Proactive_Supportive,group15_CONVO.txt,group15_CONVO,40,,PARTICIPANT_30,,,,I can see that.,,no,0.00,"no explicit disputational, cumulative, or exploratory talk marker"
,,Proactive_Supportive,group15_CONVO.txt,group15_CONVO,41,,PARTICIPANT_30,,,,It's a good idea.,,no,0.00,"no explicit disputational, cumulative, or exploratory talk marker"
,,Proactive_Supportive,group15_CONVO.txt,group15_CONVO,42,,PARTICIPANT_30,,,,What do you think about the tech,,no,0.00,"task management, robot address, or social talk without explicit Mercer talk type"
,,Proactive_Supportive,group15_CONVO.txt,group15_CONVO,53,,PARTICIPANT_29,,,,campus writing that everyone can join from anywhere.,,no,0.00,"no explicit disputational, cumulative, or exploratory talk marker"
,,Proactive_Supportive,group15_CONVO.txt,group15_CONVO,56,,PARTICIPANT_30,,,,What do you think Victor?,,no,0.00,"task management, robot address, or social talk without explicit Mercer talk type"
,,Proactive_Supportive,group15_CONVO.txt,group15_CONVO,57,,PARTICIPANT_30,,,,"I mean, I'm not really sure groups are the best way to do it.",,no,0.00,"no explicit disputational, cumulative, or exploratory talk marker"
,,Proactive_Supportive,group15_CONVO.txt,group15_CONVO,59,,PARTICIPANT_30,,,,You just talk to people.,,no,0.00,"no explicit disputational, cumulative, or exploratory talk marker"
,,Proactive_Supportive,group15_CONVO.txt,group15_CONVO,60,,PARTICIPANT_30,,,,I don't know.,,no,0.00,"no explicit disputational, cumulative, or exploratory talk marker"
,,Proactive_Supportive,group15_CONVO.txt,group15_CONVO,61,,PARTICIPANT_30,,,,That's what we have associations for.,,no,0.00,"no explicit disputational, cumulative, or exploratory talk marker"
,,Proactive_Supportive,group15_CONVO.txt,group15_CONVO,64,,PARTICIPANT_30,,,,general generic group and the one that is.,,no,0.00,"no explicit disputational, cumulative, or exploratory talk marker"
,,Proactive_Supportive,group15_CONVO.txt,group15_CONVO,67,,PARTICIPANT_29,,,,I think it's focused around study specifically.,,no,0.00,"no explicit disputational, cumulative, or exploratory talk marker"
,,Proactive_Supportive,group15_CONVO.txt,group15_CONVO,69,,PARTICIPANT_30,,,,"If you just go in a circle and start one by one, it still feels kind of awkward.",,no,0.00,"no explicit disputational, cumulative, or exploratory talk marker"
,,Proactive_Supportive,group15_CONVO.txt,group15_CONVO,73,,PARTICIPANT_29,,,,"This is very generic advice, and we only have X, we have X, we have other activities like the freshman weekend, or we run them around, and that's basically it.",,no,0.00,"no explicit disputational, cumulative, or exploratory talk marker"
,,Proactive_Supportive,group15_CONVO.txt,group15_CONVO,78,,PARTICIPANT_29,,,,"And I mean, it's fine.",,no,0.00,"no explicit disputational, cumulative, or exploratory talk marker"
,,Proactive_Supportive,group15_CONVO.txt,group15_CONVO,79,,PARTICIPANT_29,,,,It doesn't bother me specifically.,,no,0.00,"no explicit disputational, cumulative, or exploratory talk marker"
,,Proactive_Supportive,group15_CONVO.txt,group15_CONVO,82,,PARTICIPANT_29,,,,I think he stopped coming to this university,,no,0.00,"no explicit disputational, cumulative, or exploratory talk marker"
,,Proactive_Supportive,group15_CONVO.txt,group15_CONVO,83,,PARTICIPANT_30,,,,"Something we can do is maybe, I don't know, like a coach, a student, a university certified coach that can help with these types of issues.",,no,0.00,"no explicit disputational, cumulative, or exploratory talk marker"
,,Proactive_Supportive,group16_CONVO.txt,group16_CONVO,1,,PARTICIPANT_31,,,,What topic shall we start from?,,no,0.00,"no explicit disputational, cumulative, or exploratory talk marker"
,,Proactive_Supportive,group16_CONVO.txt,group16_CONVO,2,,PARTICIPANT_32,,,,Let's start from the student well-being.,,no,0.00,"no explicit disputational, cumulative, or exploratory talk marker"
,,Proactive_Supportive,group16_CONVO.txt,group16_CONVO,3,,PARTICIPANT_31,,,,Have you ever,,no,0.00,"no explicit disputational, cumulative, or exploratory talk marker"
,,Proactive_Supportive,group16_CONVO.txt,group16_CONVO,4,,PARTICIPANT_31,,,,talk to one of the student counselors within this faculty.,,no,0.00,"no explicit disputational, cumulative, or exploratory talk marker"
,,Proactive_Supportive,group16_CONVO.txt,group16_CONVO,5,,PARTICIPANT_32,,,,I just asked about a few questions about my master track because I was struggling with the track application.,,no,0.00,"no explicit disputational, cumulative, or exploratory talk marker"
,,Proactive_Supportive,group16_CONVO.txt,group16_CONVO,6,,PARTICIPANT_32,,,,I just asked them how to solve it.,,no,0.00,"no explicit disputational, cumulative, or exploratory talk marker"
,,Proactive_Supportive,group16_CONVO.txt,group16_CONVO,7,,PARTICIPANT_32,,,,"They answered, how to solve it. It went well.",,no,0.00,"no explicit disputational, cumulative, or exploratory talk marker"
,,Proactive_Supportive,group16_CONVO.txt,group16_CONVO,9,,PARTICIPANT_32,,,,"It was just useful information, not emotional.",,no,0.00,"no explicit disputational, cumulative, or exploratory talk marker"
,,Proactive_Supportive,group16_CONVO.txt,group16_CONVO,11,,PARTICIPANT_32,,,,"I think it's because I just want useful information, not the emotional support.",,no,0.00,"no explicit disputational, cumulative, or exploratory talk marker"
,,Proactive_Supportive,group16_CONVO.txt,group16_CONVO,13,,PARTICIPANT_31,,,,"To me, I've been studying here for the past five years and I never actually reached out properly to the student counselor at all, even though I know they exist.",,no,0.00,"no explicit disputational, cumulative, or exploratory talk marker"
,,Proactive_Supportive,group16_CONVO.txt,group16_CONVO,16,,PARTICIPANT_32,,,,"OK, thanks.",,no,0.00,no explicit Mercer talk type
,,Proactive_Supportive,group16_CONVO.txt,group16_CONVO,17,,PARTICIPANT_32,,,,Do you need emotional support from the counselors?,,no,0.00,"no explicit disputational, cumulative, or exploratory talk marker"
,,Proactive_Supportive,group16_CONVO.txt,group16_CONVO,18,,PARTICIPANT_31,,,,It's something that can happen.,,no,0.00,"no explicit disputational, cumulative, or exploratory talk marker"
,,Proactive_Supportive,group16_CONVO.txt,group16_CONVO,19,,PARTICIPANT_31,,,,"often it's more like occasional if you have like other incidents happening at the same time like, I don't know, it can be like financial crisis where you are having problems back in your home that you might feel worried about other things.",,no,0.00,"no explicit disputational, cumulative, or exploratory talk marker"
,,Proactive_Supportive,group16_CONVO.txt,group16_CONVO,29,,PARTICIPANT_31,,,,academic counselors are quite frequently changing their operating hours.,,no,0.00,"no explicit disputational, cumulative, or exploratory talk marker"
,,Proactive_Supportive,group16_CONVO.txt,group16_CONVO,31,,PARTICIPANT_31,,,,They just have to wait until academic counselors are back for their work.,,no,0.00,"no explicit disputational, cumulative, or exploratory talk marker"
,,Proactive_Supportive,group16_CONVO.txt,group16_CONVO,36,,PARTICIPANT_31,,,,"I mean, this is also a bit of a similar topic as the student well-being.",,no,0.00,"no explicit disputational, cumulative, or exploratory talk marker"
,,Proactive_Supportive,group16_CONVO.txt,group16_CONVO,39,,PARTICIPANT_31,,,,Foods and services in Delphi.,,no,0.00,"no explicit disputational, cumulative, or exploratory talk marker"
,,Proactive_Supportive,group16_CONVO.txt,group16_CONVO,40,,PARTICIPANT_31,,,,"Nowadays, we're trying to promote the sake",,no,0.00,"no explicit disputational, cumulative, or exploratory talk marker"
,,Proactive_Supportive,group16_CONVO.txt,group16_CONVO,41,,PARTICIPANT_31,,,,I don't know the exact term for promoting vegan foods and plant-based products.,,no,0.00,"no explicit disputational, cumulative, or exploratory talk marker"
,,Proactive_Supportive,group16_CONVO.txt,group16_CONVO,46,,PARTICIPANT_31,,,,"Pepper, can we change our topic to foods and services?",,no,0.00,"task management, robot address, or social talk without explicit Mercer talk type"
,,Proactive_Supportive,group16_CONVO.txt,group16_CONVO,53,,PARTICIPANT_31,,,,by each year.,,no,0.00,"no explicit disputational, cumulative, or exploratory talk marker"
,,Proactive_Supportive,group16_CONVO.txt,group16_CONVO,55,,PARTICIPANT_31,,,,What are your thoughts on that?,,no,0.00,"no explicit disputational, cumulative, or exploratory talk marker"
,,Proactive_Supportive,group16_CONVO.txt,group16_CONVO,57,,PARTICIPANT_32,,,,I think it is a bit high for us because we are international students.,,no,0.00,"no explicit disputational, cumulative, or exploratory talk marker"
,,Proactive_Supportive,group16_CONVO.txt,group16_CONVO,58,,PARTICIPANT_32,,,,We already paid for the tuition fee.,,no,0.00,"no explicit disputational, cumulative, or exploratory talk marker"
,,Proactive_Supportive,group16_CONVO.txt,group16_CONVO,60,,PARTICIPANT_32,,,,"in there to get something like student discount for the food station, and the spa.",,no,0.00,"no explicit disputational, cumulative, or exploratory talk marker"
,,Proactive_Supportive,group16_CONVO.txt,group16_CONVO,61,,PARTICIPANT_32,,,,"The shop, the general price of the drink and food is higher than",,no,0.00,"no explicit disputational, cumulative, or exploratory talk marker"
,,Proactive_Supportive,group16_CONVO.txt,group16_CONVO,66,,PARTICIPANT_31,,,,Great that you mentioned about the contract is surely here.,,no,0.00,"no explicit disputational, cumulative, or exploratory talk marker"
,,Proactive_Supportive,group16_CONVO.txt,group16_CONVO,67,,PARTICIPANT_31,,,,Just giving an example with our factory,,no,0.00,"no explicit disputational, cumulative, or exploratory talk marker"
,,Proactive_Supportive,group16_CONVO.txt,group16_CONVO,68,,PARTICIPANT_31,,,,"At the same time, the universities I know in France and Germany, they offer meals at the price around five to seven euros.",,no,0.00,"no explicit disputational, cumulative, or exploratory talk marker"
,,Proactive_Supportive,group16_CONVO.txt,group16_CONVO,74,,PARTICIPANT_31,,,,"With the sake of time, shall we just move on to the other stuff?",,no,0.00,"no explicit disputational, cumulative, or exploratory talk marker"
,,Proactive_Supportive,group16_CONVO.txt,group16_CONVO,76,,PARTICIPANT_31,,,,Events and activities.,,no,0.00,"no explicit disputational, cumulative, or exploratory talk marker"
,,Proactive_Supportive,group16_CONVO.txt,group16_CONVO,77,,PARTICIPANT_31,,,,"Pepper, we're going to change our topics to events and activities.",,no,0.00,"task management, robot address, or social talk without explicit Mercer talk type"
,,Proactive_Supportive,group16_CONVO.txt,group16_CONVO,83,,PARTICIPANT_32,,,,Do you have an idea to start a workshop on wellness fair?,,no,0.00,"no explicit disputational, cumulative, or exploratory talk marker"
,,Proactive_Supportive,group16_CONVO.txt,group16_CONVO,84,,PARTICIPANT_32,,,,What does that mean?,,no,0.00,"no explicit disputational, cumulative, or exploratory talk marker"
,,Proactive_Supportive,group16_CONVO.txt,group16_CONVO,85,,PARTICIPANT_32,,,,Can you explain about it more?,,no,0.00,"no explicit disputational, cumulative, or exploratory talk marker"
,,Proactive_Supportive,group16_CONVO.txt,group16_CONVO,89,,PARTICIPANT_31,,,,"Pepper, indeed the fair.",,no,0.00,"task management, robot address, or social talk without explicit Mercer talk type"
,,Proactive_Supportive,group17_CONVO.txt,group17_CONVO,1,,PARTICIPANT_33,,,,All right.,,no,0.00,no explicit Mercer talk type
,,Proactive_Supportive,group17_CONVO.txt,group17_CONVO,2,,PARTICIPANT_33,,,,"Hello, hello.",,no,0.00,no explicit Mercer talk type
,,Proactive_Supportive,group17_CONVO.txt,group17_CONVO,3,,PARTICIPANT_34,,,,Hi.,,no,0.00,no explicit Mercer talk type
,,Proactive_Supportive,group17_CONVO.txt,group17_CONVO,4,,PARTICIPANT_33,,,,Nice to meet you.,,no,0.00,"no explicit disputational, cumulative, or exploratory talk marker"
,,Proactive_Supportive,group17_CONVO.txt,group17_CONVO,5,,PARTICIPANT_33,,,,Good to see you here.,,no,0.00,"no explicit disputational, cumulative, or exploratory talk marker"
,,Proactive_Supportive,group17_CONVO.txt,group17_CONVO,6,,PARTICIPANT_34,,,,Thank you.,,no,0.00,no explicit Mercer talk type
,,Proactive_Supportive,group17_CONVO.txt,group17_CONVO,7,,PARTICIPANT_33,,,,OK. Any questions from your side?,,no,0.00,"task management, robot address, or social talk without explicit Mercer talk type"
,,Proactive_Supportive,group17_CONVO.txt,group17_CONVO,10,,PARTICIPANT_34,,,,What should I be?,,no,0.00,"no explicit disputational, cumulative, or exploratory talk marker"
,,Proactive_Supportive,group17_CONVO.txt,group17_CONVO,11,,PARTICIPANT_33,,,,Of improving students' life here.,,no,0.00,"no explicit disputational, cumulative, or exploratory talk marker"
,,Proactive_Supportive,group17_CONVO.txt,group17_CONVO,12,,PARTICIPANT_33,,,,Good question.,,no,0.00,no explicit Mercer talk type
,,Proactive_Supportive,group17_CONVO.txt,group17_CONVO,13,,PARTICIPANT_33,,,,"Pepper, what do you think?",,no,0.00,"task management, robot address, or social talk without explicit Mercer talk type"
,,Proactive_Supportive,group17_CONVO.txt,group17_CONVO,18,,PARTICIPANT_33,,,,All right.,,no,0.00,no explicit Mercer talk type
,,Proactive_Supportive,group17_CONVO.txt,group17_CONVO,19,,PARTICIPANT_33,,,,Good answers.,,no,0.00,no explicit Mercer talk type
,,Proactive_Supportive,group17_CONVO.txt,group17_CONVO,20,,PARTICIPANT_33,,,,"What do you think, PARTICIPANT_34?",,no,0.00,"task management, robot address, or social talk without explicit Mercer talk type"
,,Proactive_Supportive,group17_CONVO.txt,group17_CONVO,21,,PARTICIPANT_34,,,,No.,,no,0.00,no explicit Mercer talk type
,,Proactive_Supportive,group17_CONVO.txt,group17_CONVO,23,,PARTICIPANT_34,,,,I'm sorry.,,no,0.00,no explicit Mercer talk type
,,Proactive_Supportive,group17_CONVO.txt,group17_CONVO,27,,PARTICIPANT_33,,,,What do you think?,,no,0.00,"task management, robot address, or social talk without explicit Mercer talk type"
,,Proactive_Supportive,group17_CONVO.txt,group17_CONVO,34,,PARTICIPANT_34,,,,It's quite busy.,,no,0.00,"no explicit disputational, cumulative, or exploratory talk marker"
,,Proactive_Supportive,group17_CONVO.txt,group17_CONVO,37,,PARTICIPANT_33,,,,I think it differs by person to person.,,no,0.00,"no explicit disputational, cumulative, or exploratory talk marker"
,,Proactive_Supportive,group17_CONVO.txt,group17_CONVO,40,,PARTICIPANT_33,,,,Tough question to answer.,,no,0.00,"no explicit disputational, cumulative, or exploratory talk marker"
,,Proactive_Supportive,group17_CONVO.txt,group17_CONVO,41,,PARTICIPANT_33,,,,"Improving the experiences for students, I think.",,no,0.00,"no explicit disputational, cumulative, or exploratory talk marker"
,,Proactive_Supportive,group17_CONVO.txt,group17_CONVO,43,,PARTICIPANT_34,,,,"What do you think, Pepper?",,no,0.00,"task management, robot address, or social talk without explicit Mercer talk type"
,,Proactive_Supportive,group17_CONVO.txt,group17_CONVO,44,,PARTICIPANT_33,,,,"Pepper, what do you think?",,no,0.00,"task management, robot address, or social talk without explicit Mercer talk type"
,,Proactive_Supportive,group17_CONVO.txt,group17_CONVO,48,,PARTICIPANT_33,,,,"Can you give some more examples, Pepper?",,no,0.00,"task management, robot address, or social talk without explicit Mercer talk type"
,,Proactive_Supportive,group17_CONVO.txt,group17_CONVO,49,,PARTICIPANT_33,,,,"Pepper, can you give more examples of all these?",,no,0.00,"task management, robot address, or social talk without explicit Mercer talk type"
,,Proactive_Supportive,group17_CONVO.txt,group17_CONVO,53,,PARTICIPANT_33,,,,Isn't Peppermore focused only on clothes?,,no,0.00,"no explicit disputational, cumulative, or exploratory talk marker"
,,Proactive_Supportive,group17_CONVO.txt,group17_CONVO,56,,PARTICIPANT_34,,,,"Well, I think it can also be really overwhelming for students who are really introverted like me.",,no,0.00,"no explicit disputational, cumulative, or exploratory talk marker"
,,Proactive_Supportive,group17_CONVO.txt,group17_CONVO,57,,PARTICIPANT_34,,,,"What do you think about that, Pepper?",,no,0.00,"task management, robot address, or social talk without explicit Mercer talk type"
,,Proactive_Supportive,group17_CONVO.txt,group17_CONVO,58,,PARTICIPANT_33,,,,Why is Pepper already looking at me?,,no,0.00,"task management, robot address, or social talk without explicit Mercer talk type"
,,Proactive_Supportive,group17_CONVO.txt,group17_CONVO,63,,PARTICIPANT_33,,,,"Because one of the factors I heard about safety in the adult is that people ride with a big black motor with an electric bike, and they harass people.",,no,0.00,"no explicit disputational, cumulative, or exploratory talk marker"
,,Proactive_Supportive,group17_CONVO.txt,group17_CONVO,65,,PARTICIPANT_33,,,,"Heather, can you not interrupt me?",,no,0.00,"no explicit disputational, cumulative, or exploratory talk marker"
,,Proactive_Supportive,group17_CONVO.txt,group17_CONVO,68,,PARTICIPANT_33,,,,"Okay, what do you think?",,no,0.00,"task management, robot address, or social talk without explicit Mercer talk type"
,,Proactive_Supportive,group17_CONVO.txt,group17_CONVO,69,,PARTICIPANT_33,,,,Safety?,,no,0.00,no explicit Mercer talk type
,,Proactive_Supportive,group17_CONVO.txt,group17_CONVO,74,,PARTICIPANT_34,,,,What do you think?,,no,0.00,"task management, robot address, or social talk without explicit Mercer talk type"
,,Proactive_Supportive,group17_CONVO.txt,group17_CONVO,75,,PARTICIPANT_34,,,,I have no clue.,,no,0.00,"no explicit disputational, cumulative, or exploratory talk marker"
,,Proactive_Supportive,group17_CONVO.txt,group17_CONVO,76,,PARTICIPANT_34,,,,What do you think?,,no,0.00,"task management, robot address, or social talk without explicit Mercer talk type"
,,Proactive_Supportive,group17_CONVO.txt,group17_CONVO,77,,PARTICIPANT_34,,,,I think safety is really good until you tell me.,,no,0.00,"no explicit disputational, cumulative, or exploratory talk marker"
,,Proactive_Supportive,group17_CONVO.txt,group17_CONVO,78,,PARTICIPANT_34,,,,Is it?,,no,0.00,no explicit Mercer talk type
,,Proactive_Supportive,group17_CONVO.txt,group17_CONVO,81,,PARTICIPANT_33,,,,Like those kind of safety.,,no,0.00,"no explicit disputational, cumulative, or exploratory talk marker"
,,Proactive_Supportive,group17_CONVO.txt,group17_CONVO,86,,PARTICIPANT_33,,,,"I don't know, what do you think about this?",,no,0.00,"task management, robot address, or social talk without explicit Mercer talk type"
,,Proactive_Supportive,group17_CONVO.txt,group17_CONVO,87,,PARTICIPANT_34,,,,"First of all, it's not good to...",,no,0.00,"no explicit disputational, cumulative, or exploratory talk marker"
,,Proactive_Supportive,group17_CONVO.txt,group17_CONVO,90,,PARTICIPANT_33,,,,Have you never experienced something like that?,,no,0.00,"no explicit disputational, cumulative, or exploratory talk marker"
,,Proactive_Supportive,group17_CONVO.txt,group17_CONVO,95,,PARTICIPANT_34,,,,How can we make that?,,no,0.00,"no explicit disputational, cumulative, or exploratory talk marker"
,,Proactive_Supportive,group17_CONVO.txt,group17_CONVO,96,,PARTICIPANT_34,,,,It's quite hard to do that.,,no,0.00,"no explicit disputational, cumulative, or exploratory talk marker"
,,Proactive_Supportive,group17_CONVO.txt,group17_CONVO,100,,PARTICIPANT_33,,,,"Well, I think when they're feeling unconcerned, when they're concerned about something or they're being harassed with something, it's not that easy for them to actually save those experiences.",,no,0.00,"no explicit disputational, cumulative, or exploratory talk marker"
,,Proactive_Supportive,group17_CONVO.txt,group17_CONVO,103,,PARTICIPANT_33,,,,What do you think?,,no,0.00,"task management, robot address, or social talk without explicit Mercer talk type"
,,Proactive_Supportive,group17_CONVO.txt,group17_CONVO,104,,PARTICIPANT_33,,,,"You were saying something, right?",,no,0.00,"no explicit disputational, cumulative, or exploratory talk marker"
,,Proactive_Supportive,group17_CONVO.txt,group17_CONVO,107,,PARTICIPANT_34,,,,"or give me the form support or something, because in fact, professors are creating their grades.",,no,0.00,"no explicit disputational, cumulative, or exploratory talk marker"
,,Proactive_Supportive,group17_CONVO.txt,group17_CONVO,109,,PARTICIPANT_34,,,,"Yeah, maybe.",,no,0.00,no explicit Mercer talk type
,,Proactive_Supportive,group17_CONVO.txt,group17_CONVO,110,,PARTICIPANT_33,,,,"And you were saying something about it, right?",,no,0.00,"no explicit disputational, cumulative, or exploratory talk marker"
,,Proactive_Supportive,group17_CONVO.txt,group17_CONVO,112,,PARTICIPANT_34,,,,"No, no, it's not that important.",,no,0.00,"no explicit disputational, cumulative, or exploratory talk marker"
,,Proactive_Supportive,group17_CONVO.txt,group17_CONVO,113,,PARTICIPANT_34,,,,I think it's not that important in this conversation.,,no,0.00,"no explicit disputational, cumulative, or exploratory talk marker"
,,Proactive_Supportive,group17_CONVO.txt,group17_CONVO,114,,PARTICIPANT_34,,,,"OK, all right.",,no,0.00,"task management, robot address, or social talk without explicit Mercer talk type"
,,Proactive_Supportive,group17_CONVO.txt,group17_CONVO,119,,PARTICIPANT_34,,,,And it has to be anonymous.,,no,0.00,"no explicit disputational, cumulative, or exploratory talk marker"
,,Proactive_Supportive,group17_CONVO.txt,group17_CONVO,122,,PARTICIPANT_34,,,,"Also, they can exaggerate their experience.",,no,0.00,"no explicit disputational, cumulative, or exploratory talk marker"
,,Proactive_Supportive,group17_CONVO.txt,group17_CONVO,123,,PARTICIPANT_33,,,,"Maybe, I don't know, maybe those are my... No, it's possible, it's possible.",,no,0.00,"no explicit disputational, cumulative, or exploratory talk marker"
,,Proactive_Supportive,group17_CONVO.txt,group17_CONVO,130,,PARTICIPANT_33,,,,"To be honest, this kind of work is being done at the teaching academy called SPICE.",,no,0.00,"no explicit disputational, cumulative, or exploratory talk marker"
,,Proactive_Supportive,group17_CONVO.txt,group17_CONVO,131,,PARTICIPANT_33,,,,Really?,,no,0.00,no explicit Mercer talk type
,,Proactive_Supportive,group17_CONVO.txt,group17_CONVO,133,,PARTICIPANT_33,,,,"The students' team, they're getting paid for saying about the students' perspectives.",,no,0.00,"no explicit disputational, cumulative, or exploratory talk marker"
,,Proactive_Supportive,group17_CONVO.txt,group17_CONVO,135,,PARTICIPANT_33,,,,"They gain experiences from students' perspective, and they make a document about it or make",,no,0.00,"no explicit disputational, cumulative, or exploratory talk marker"
,,Proactive_Supportive,group17_CONVO.txt,group17_CONVO,136,,PARTICIPANT_33,,,,or radio or something.,,no,0.00,"no explicit disputational, cumulative, or exploratory talk marker"
,,Proactive_Supportive,group17_CONVO.txt,group17_CONVO,137,,PARTICIPANT_33,,,,Those are like their kind of shops.,,no,0.00,"no explicit disputational, cumulative, or exploratory talk marker"
,,Proactive_Supportive,group17_CONVO.txt,group17_CONVO,139,,PARTICIPANT_33,,,,I didn't know that.,,no,0.00,"no explicit disputational, cumulative, or exploratory talk marker"
,,Proactive_Supportive,group17_CONVO.txt,group17_CONVO,140,,PARTICIPANT_33,,,,"Alright, let's change to the new topic.",,no,0.00,"no explicit disputational, cumulative, or exploratory talk marker"
,,Proactive_Supportive,group17_CONVO.txt,group17_CONVO,141,,PARTICIPANT_34,,,,Food and services?,,no,0.00,"no explicit disputational, cumulative, or exploratory talk marker"
,,Proactive_Supportive,group17_CONVO.txt,group17_CONVO,143,,PARTICIPANT_34,,,,"First of all, it's too expensive.",,no,0.00,"no explicit disputational, cumulative, or exploratory talk marker"
,,Proactive_Supportive,group17_CONVO.txt,group17_CONVO,144,,PARTICIPANT_34,,,,There are only students here.,,no,0.00,"no explicit disputational, cumulative, or exploratory talk marker"
,,Proactive_Supportive,group17_CONVO.txt,group17_CONVO,145,,PARTICIPANT_34,,,,With rich people?,,no,0.00,"no explicit disputational, cumulative, or exploratory talk marker"
,,Proactive_Supportive,group17_CONVO.txt,group17_CONVO,146,,PARTICIPANT_34,,,,Okay.,,no,0.00,no explicit Mercer talk type
,,Proactive_Supportive,group17_CONVO.txt,group17_CONVO,147,,PARTICIPANT_34,,,,"You know, I think all the students are not that rich, I think.",,no,0.00,"no explicit disputational, cumulative, or exploratory talk marker"
,,Proactive_Supportive,group17_CONVO.txt,group17_CONVO,151,,PARTICIPANT_34,,,,Because there's only students and they have to eat.,,no,0.00,"no explicit disputational, cumulative, or exploratory talk marker"
,,Proactive_Supportive,group17_CONVO.txt,group17_CONVO,154,,PARTICIPANT_34,,,,compared with other supermarkets.,,no,0.00,"no explicit disputational, cumulative, or exploratory talk marker"
,,Proactive_Supportive,group17_CONVO.txt,group17_CONVO,156,,PARTICIPANT_33,,,,"I mean, it's really the campus side.",,no,0.00,"no explicit disputational, cumulative, or exploratory talk marker"
,,Proactive_Supportive,group17_CONVO.txt,group17_CONVO,161,,PARTICIPANT_33,,,,Right?,,no,0.00,no explicit Mercer talk type
,,Proactive_Supportive,group17_CONVO.txt,group17_CONVO,162,,PARTICIPANT_34,,,,"What do you think, Pepper?",,no,0.00,"task management, robot address, or social talk without explicit Mercer talk type"
,,Proactive_Supportive,group17_CONVO.txt,group17_CONVO,163,,PARTICIPANT_34,,,,"Pepper, he's talking with him like regular employees.",,no,0.00,"task management, robot address, or social talk without explicit Mercer talk type"
,,Proactive_Supportive,group17_CONVO.txt,group17_CONVO,164,,PARTICIPANT_33,,,,He's so weird.,,no,0.00,"no explicit disputational, cumulative, or exploratory talk marker"
,,Proactive_Supportive,group17_CONVO.txt,group17_CONVO,165,,PARTICIPANT_33,,,,Why is he always looking at me?,,no,0.00,"no explicit disputational, cumulative, or exploratory talk marker"
,,Proactive_Supportive,group17_CONVO.txt,group17_CONVO,169,,PARTICIPANT_33,,,,"Oh, thank you Pepper.",,no,0.00,"task management, robot address, or social talk without explicit Mercer talk type"
,,Proactive_Supportive,group17_CONVO.txt,group17_CONVO,170,,PARTICIPANT_33,,,,We had a good discussion.,,no,0.00,"no explicit disputational, cumulative, or exploratory talk marker"
,,Proactive_Supportive,group18_CONVO.txt,group18_CONVO,1,,PARTICIPANT_36,,,,"Alright, what do you think about campus life in general?",,no,0.00,"task management, robot address, or social talk without explicit Mercer talk type"
,,Proactive_Supportive,group18_CONVO.txt,group18_CONVO,2,,PARTICIPANT_35,,,,Campus life is like... Can I say it?,,no,0.00,"no explicit disputational, cumulative, or exploratory talk marker"
,,Proactive_Supportive,group18_CONVO.txt,group18_CONVO,4,,PARTICIPANT_35,,,,Campus life for me is like shit.,,no,0.00,"no explicit disputational, cumulative, or exploratory talk marker"
,,Proactive_Supportive,group18_CONVO.txt,group18_CONVO,5,,PARTICIPANT_36,,,,There's lots of things to do.,,no,0.00,"no explicit disputational, cumulative, or exploratory talk marker"
,,Proactive_Supportive,group18_CONVO.txt,group18_CONVO,9,,PARTICIPANT_35,,,,There's a lot of stuff to do.,,no,0.00,"no explicit disputational, cumulative, or exploratory talk marker"
,,Proactive_Supportive,group18_CONVO.txt,group18_CONVO,10,,PARTICIPANT_35,,,,"You have to come to campus almost every day to study, to do projects with others.",,no,0.00,"no explicit disputational, cumulative, or exploratory talk marker"
,,Proactive_Supportive,group18_CONVO.txt,group18_CONVO,11,,PARTICIPANT_35,,,,It is quite frustrating.,,no,0.00,"no explicit disputational, cumulative, or exploratory talk marker"
,,Proactive_Supportive,group18_CONVO.txt,group18_CONVO,12,,PARTICIPANT_36,,,,I don't agree with you.,,no,0.00,"no explicit disputational, cumulative, or exploratory talk marker"
,,Proactive_Supportive,group18_CONVO.txt,group18_CONVO,13,,PARTICIPANT_35,,,,"Let's say, we can take some examples.",,no,0.00,"no explicit disputational, cumulative, or exploratory talk marker"
,,Proactive_Supportive,group18_CONVO.txt,group18_CONVO,14,,PARTICIPANT_35,,,,What do you think about the food here?,,no,0.00,"task management, robot address, or social talk without explicit Mercer talk type"
,,Proactive_Supportive,group18_CONVO.txt,group18_CONVO,15,,PARTICIPANT_35,,,,What is your opinion?,,no,0.00,"no explicit disputational, cumulative, or exploratory talk marker"
,,Proactive_Supportive,group18_CONVO.txt,group18_CONVO,16,,PARTICIPANT_36,,,,Food?,,no,0.00,no explicit Mercer talk type
,,Proactive_Supportive,group18_CONVO.txt,group18_CONVO,17,,PARTICIPANT_36,,,,"For me, I am South Korean.",,no,0.00,"no explicit disputational, cumulative, or exploratory talk marker"
,,Proactive_Supportive,group18_CONVO.txt,group18_CONVO,18,,PARTICIPANT_36,,,,I really...,,no,0.00,no explicit Mercer talk type
,,Proactive_Supportive,group18_CONVO.txt,group18_CONVO,20,,PARTICIPANT_35,,,,They are all just breads or eggs or vegan food.,,no,0.00,"no explicit disputational, cumulative, or exploratory talk marker"
,,Proactive_Supportive,group18_CONVO.txt,group18_CONVO,21,,PARTICIPANT_35,,,,I can't see rice nowhere.,,no,0.00,"no explicit disputational, cumulative, or exploratory talk marker"
,,Proactive_Supportive,group18_CONVO.txt,group18_CONVO,22,,PARTICIPANT_35,,,,"It's kind of, it is annoying to be honest.",,no,0.00,"no explicit disputational, cumulative, or exploratory talk marker"
,,Proactive_Supportive,group18_CONVO.txt,group18_CONVO,24,,PARTICIPANT_35,,,,I think this is a viable option.,,no,0.00,"no explicit disputational, cumulative, or exploratory talk marker"
,,Proactive_Supportive,group18_CONVO.txt,group18_CONVO,25,,PARTICIPANT_35,,,,What do you think?,,no,0.00,"task management, robot address, or social talk without explicit Mercer talk type"
,,Proactive_Supportive,group18_CONVO.txt,group18_CONVO,26,,PARTICIPANT_35,,,,Do you like the idea of having some sort of themed,,no,0.00,"no explicit disputational, cumulative, or exploratory talk marker"
,,Proactive_Supportive,group18_CONVO.txt,group18_CONVO,27,,PARTICIPANT_35,,,,South Korean cuisine around the faculty or even a food truck in front of our lab?,,no,0.00,"no explicit disputational, cumulative, or exploratory talk marker"
,,Proactive_Supportive,group18_CONVO.txt,group18_CONVO,28,,PARTICIPANT_36,,,,That would be a great idea.,,no,0.00,"no explicit disputational, cumulative, or exploratory talk marker"
,,Proactive_Supportive,group18_CONVO.txt,group18_CONVO,29,,PARTICIPANT_35,,,,"Right, right?",,no,0.00,no explicit Mercer talk type
,,Proactive_Supportive,group18_CONVO.txt,group18_CONVO,31,,PARTICIPANT_35,,,,"I'd also love to have a food truck, South Korean food truck.",,no,0.00,"no explicit disputational, cumulative, or exploratory talk marker"
,,Proactive_Supportive,group18_CONVO.txt,group18_CONVO,33,,PARTICIPANT_35,,,,Any idea about anything else?,,no,0.00,"no explicit disputational, cumulative, or exploratory talk marker"
,,Proactive_Supportive,group18_CONVO.txt,group18_CONVO,34,,PARTICIPANT_36,,,,"Like me as a CS student, I really want to join like organization related to computer science thing like CH, we already have.",,no,0.00,"no explicit disputational, cumulative, or exploratory talk marker"
,,Proactive_Supportive,group18_CONVO.txt,group18_CONVO,36,,PARTICIPANT_36,,,,Something related to hacking.,,no,0.00,"no explicit disputational, cumulative, or exploratory talk marker"
,,Proactive_Supportive,group18_CONVO.txt,group18_CONVO,37,,PARTICIPANT_36,,,,"Oh, like hackathon kind.",,no,0.00,"no explicit disputational, cumulative, or exploratory talk marker"
,,Proactive_Supportive,group18_CONVO.txt,group18_CONVO,38,,PARTICIPANT_36,,,,"I mean, like security thing.",,no,0.00,"no explicit disputational, cumulative, or exploratory talk marker"
,,Proactive_Supportive,group18_CONVO.txt,group18_CONVO,39,,PARTICIPANT_35,,,,Like a security... Cyber security thing.,,no,0.00,"no explicit disputational, cumulative, or exploratory talk marker"
,,Proactive_Supportive,group18_CONVO.txt,group18_CONVO,40,,PARTICIPANT_35,,,,I think I get you to use... You kind of want a certain organization.,,no,0.00,"no explicit disputational, cumulative, or exploratory talk marker"
,,Proactive_Supportive,group18_CONVO.txt,group18_CONVO,42,,PARTICIPANT_35,,,,"about cyber security, because Minsok here is really interested about cyber security, so he likes a student organization.",,no,0.00,"no explicit disputational, cumulative, or exploratory talk marker"
,,Proactive_Supportive,group18_CONVO.txt,group18_CONVO,49,,PARTICIPANT_35,,,,But...,,no,0.00,no explicit Mercer talk type
,,Proactive_Supportive,group18_CONVO.txt,group18_CONVO,50,,PARTICIPANT_36,,,,Since I'm...,,no,0.00,no explicit Mercer talk type
,,Proactive_Supportive,group18_CONVO.txt,group18_CONVO,51,,PARTICIPANT_36,,,,"Mostly, since I have a hard time catching up with the marchers and stuff like that, it's actually hard for me to make one.",,no,0.00,"no explicit disputational, cumulative, or exploratory talk marker"
,,Proactive_Supportive,group18_CONVO.txt,group18_CONVO,55,,PARTICIPANT_35,,,,I think it's a really good idea.,,no,0.00,"no explicit disputational, cumulative, or exploratory talk marker"
,,Proactive_Supportive,group18_CONVO.txt,group18_CONVO,59,,PARTICIPANT_35,,,,"Alright, I think that's really good.",,no,0.00,"no explicit disputational, cumulative, or exploratory talk marker"
,,Proactive_Supportive,group18_CONVO.txt,group18_CONVO,60,,PARTICIPANT_35,,,,"We could have a peer mentorship program to help you and me, let's say study together, or we could ask questions to each other about something we don't know.",,no,0.00,"no explicit disputational, cumulative, or exploratory talk marker"
,,Proactive_Supportive,group18_CONVO.txt,group18_CONVO,61,,PARTICIPANT_35,,,,We could also incorporate this with TAs.,,no,0.00,"no explicit disputational, cumulative, or exploratory talk marker"
,,Proactive_Supportive,group18_CONVO.txt,group18_CONVO,63,,PARTICIPANT_35,,,,We could have more quizzes.,,no,0.00,"no explicit disputational, cumulative, or exploratory talk marker"
,,Proactive_Supportive,group18_CONVO.txt,group18_CONVO,64,,PARTICIPANT_35,,,,We could have more interactive activities.,,no,0.00,"no explicit disputational, cumulative, or exploratory talk marker"
,,Proactive_Supportive,group18_CONVO.txt,group18_CONVO,66,,PARTICIPANT_35,,,,"Yeah, right?",,no,0.00,no explicit Mercer talk type
,,Proactive_Supportive,group18_CONVO.txt,group18_CONVO,67,,PARTICIPANT_35,,,,"What do you think, Pepper?",,no,0.00,"task management, robot address, or social talk without explicit Mercer talk type"
,,Proactive_Supportive,group18_CONVO.txt,group18_CONVO,68,,PARTICIPANT_35,,,,What should we do?,,no,0.00,"no explicit disputational, cumulative, or exploratory talk marker"
,,Proactive_Supportive,group18_CONVO.txt,group18_CONVO,71,,PARTICIPANT_35,,,,All right.,,no,0.00,no explicit Mercer talk type
,,Proactive_Supportive,group18_CONVO.txt,group18_CONVO,72,,PARTICIPANT_35,,,,All right.,,no,0.00,no explicit Mercer talk type
,,Proactive_Supportive,group18_CONVO.txt,group18_CONVO,73,,PARTICIPANT_35,,,,What else could we have?,,no,0.00,"no explicit disputational, cumulative, or exploratory talk marker"
,,Proactive_Supportive,group18_CONVO.txt,group18_CONVO,74,,PARTICIPANT_35,,,,"Okay, let's talk about safety then.",,no,0.00,"no explicit disputational, cumulative, or exploratory talk marker"
,,Proactive_Supportive,group18_CONVO.txt,group18_CONVO,75,,PARTICIPANT_35,,,,Do you think two levels of campus are safe?,,no,0.00,"no explicit disputational, cumulative, or exploratory talk marker"
,,Proactive_Supportive,group18_CONVO.txt,group18_CONVO,76,,PARTICIPANT_35,,,,Interesting.,,no,0.00,no explicit Mercer talk type
,,Proactive_Supportive,group18_CONVO.txt,group18_CONVO,82,,PARTICIPANT_36,,,,"I think compared to like any other cities in the Netherlands, Delft is...",,no,0.00,"no explicit disputational, cumulative, or exploratory talk marker"
,,Proactive_Supportive,group18_CONVO.txt,group18_CONVO,83,,PARTICIPANT_36,,,,I think Delft is pretty safe than other cities.,,no,0.00,"no explicit disputational, cumulative, or exploratory talk marker"
,,Proactive_Supportive,group18_CONVO.txt,group18_CONVO,87,,PARTICIPANT_35,,,,"We could also, we could always have a more sound, more Blueprint security measures.",,no,0.00,"no explicit disputational, cumulative, or exploratory talk marker"
,,Proactive_Supportive,group18_CONVO.txt,group18_CONVO,88,,PARTICIPANT_35,,,,Nothing is too good is never bad.,,no,0.00,"no explicit disputational, cumulative, or exploratory talk marker"
,,Proactive_Supportive,group18_CONVO.txt,group18_CONVO,90,,PARTICIPANT_35,,,,"Well, I did hear that",,no,0.00,"no explicit disputational, cumulative, or exploratory talk marker"
,,Proactive_Supportive,group18_CONVO.txt,group18_CONVO,91,,PARTICIPANT_35,,,,There are some troubles at night when some people just come inside of the building and then just start drinking out of nowhere.,,no,0.00,"no explicit disputational, cumulative, or exploratory talk marker"
,,Proactive_Supportive,group18_CONVO.txt,group18_CONVO,93,,PARTICIPANT_35,,,,How should we do it?,,no,0.00,"no explicit disputational, cumulative, or exploratory talk marker"
,,Proactive_Supportive,group18_CONVO.txt,group18_CONVO,94,,PARTICIPANT_35,,,,"The prevention of someone breaking in, let's say.",,no,0.00,"no explicit disputational, cumulative, or exploratory talk marker"
,,Proactive_Supportive,group18_CONVO.txt,group18_CONVO,95,,PARTICIPANT_35,,,,Do you have any idea?,,no,0.00,"no explicit disputational, cumulative, or exploratory talk marker"
,,Proactive_Supportive,group18_CONVO.txt,group18_CONVO,96,,PARTICIPANT_35,,,,Not really?,,no,0.00,no explicit Mercer talk type
,,Proactive_Supportive,group18_CONVO.txt,group18_CONVO,102,,PARTICIPANT_35,,,,We can look into other stuff as well.,,no,0.00,"no explicit disputational, cumulative, or exploratory talk marker"
,,Proactive_Supportive,group18_CONVO.txt,group18_CONVO,103,,PARTICIPANT_35,,,,But... Yeah.,,no,0.00,no explicit Mercer talk type
,,Proactive_Supportive,group18_CONVO.txt,group18_CONVO,104,,PARTICIPANT_35,,,,"That is really nice Pepper, thank you.",,no,0.00,"task management, robot address, or social talk without explicit Mercer talk type"
,,Proactive_Supportive,group18_CONVO.txt,group18_CONVO,105,,PARTICIPANT_35,,,,"Okay, we're done.",,no,0.00,"task management, robot address, or social talk without explicit Mercer talk type"
,,Proactive_Supportive,group18_CONVO.txt,group18_CONVO,106,,PARTICIPANT_35,,,,"Yo, I noticed...",,no,0.00,"task management, robot address, or social talk without explicit Mercer talk type"
,,Proactive_Supportive,group19_CONVO_SUNNY.txt,group19_CONVO_SUNNY,1,,PARTICIPANT_38,,,,"Hello, good afternoon.",,no,0.00,"task management, robot address, or social talk without explicit Mercer talk type"
,,Proactive_Supportive,group19_CONVO_SUNNY.txt,group19_CONVO_SUNNY,2,,PARTICIPANT_37,,,,Hello.,,no,0.00,no explicit Mercer talk type
,,Proactive_Supportive,group19_CONVO_SUNNY.txt,group19_CONVO_SUNNY,4,,PARTICIPANT_37,,,,Feeling alright.,,no,0.00,no explicit Mercer talk type
,,Proactive_Supportive,group19_CONVO_SUNNY.txt,group19_CONVO_SUNNY,5,,PARTICIPANT_37,,,,I'm ready to talk about improving the campus.,,no,0.00,"no explicit disputational, cumulative, or exploratory talk marker"
,,Proactive_Supportive,group19_CONVO_SUNNY.txt,group19_CONVO_SUNNY,6,,PARTICIPANT_38,,,,What do you think about the campus as it is currently?,,no,0.00,"task management, robot address, or social talk without explicit Mercer talk type"
,,Proactive_Supportive,group19_CONVO_SUNNY.txt,group19_CONVO_SUNNY,7,,PARTICIPANT_37,,,,"Well, I think it's a very nice place to study and spend your free time as well maybe.",,no,0.00,"no explicit disputational, cumulative, or exploratory talk marker"
,,Proactive_Supportive,group19_CONVO_SUNNY.txt,group19_CONVO_SUNNY,8,,PARTICIPANT_38,,,,"I think it's pretty big, spacious.",,no,0.00,"no explicit disputational, cumulative, or exploratory talk marker"
,,Proactive_Supportive,group19_CONVO_SUNNY.txt,group19_CONVO_SUNNY,9,,PARTICIPANT_38,,,,"There's no cars, which is kind of nice.",,no,0.00,"no explicit disputational, cumulative, or exploratory talk marker"
,,Proactive_Supportive,group19_CONVO_SUNNY.txt,group19_CONVO_SUNNY,10,,PARTICIPANT_38,,,,"Pepper, what do you think about the campus?",,no,0.00,"task management, robot address, or social talk without explicit Mercer talk type"
,,Proactive_Supportive,group19_CONVO_SUNNY.txt,group19_CONVO_SUNNY,13,,PARTICIPANT_38,,,,"Yeah, sure.",,no,0.00,no explicit Mercer talk type
,,Proactive_Supportive,group19_CONVO_SUNNY.txt,group19_CONVO_SUNNY,14,,PARTICIPANT_38,,,,"I mean, that's not like...",,no,0.00,"no explicit disputational, cumulative, or exploratory talk marker"
,,Proactive_Supportive,group19_CONVO_SUNNY.txt,group19_CONVO_SUNNY,15,,PARTICIPANT_38,,,,"I think there's already quite a bit of green spaces, though.",,no,0.00,"no explicit disputational, cumulative, or exploratory talk marker"
,,Proactive_Supportive,group19_CONVO_SUNNY.txt,group19_CONVO_SUNNY,17,,PARTICIPANT_37,,,,I think about...,,no,0.00,"no explicit disputational, cumulative, or exploratory talk marker"
,,Proactive_Supportive,group19_CONVO_SUNNY.txt,group19_CONVO_SUNNY,18,,PARTICIPANT_37,,,,"There are a lot of picnic spots, I think.",,no,0.00,"no explicit disputational, cumulative, or exploratory talk marker"
,,Proactive_Supportive,group19_CONVO_SUNNY.txt,group19_CONVO_SUNNY,20,,PARTICIPANT_38,,,,"Well, I think that if you start like next to our space, next to the fellowship, the building, the new building,",,no,0.00,"no explicit disputational, cumulative, or exploratory talk marker"
,,Proactive_Supportive,group19_CONVO_SUNNY.txt,group19_CONVO_SUNNY,22,,PARTICIPANT_38,,,,In front of the fellowship is the green big space.,,no,0.00,"no explicit disputational, cumulative, or exploratory talk marker"
,,Proactive_Supportive,group19_CONVO_SUNNY.txt,group19_CONVO_SUNNY,25,,PARTICIPANT_37,,,,Maybe they can work on that.,,no,0.00,"no explicit disputational, cumulative, or exploratory talk marker"
,,Proactive_Supportive,group19_CONVO_SUNNY.txt,group19_CONVO_SUNNY,26,,PARTICIPANT_37,,,,"Peter, what do you think about that?",,no,0.00,"task management, robot address, or social talk without explicit Mercer talk type"
,,Proactive_Supportive,group19_CONVO_SUNNY.txt,group19_CONVO_SUNNY,27,,PARTICIPANT_37,,,,Do you agree?,,no,0.00,"no explicit disputational, cumulative, or exploratory talk marker"
,,Proactive_Supportive,group19_CONVO_SUNNY.txt,group19_CONVO_SUNNY,38,,PARTICIPANT_37,,,,Because currently the food on campus is quite expensive in my opinion.,,no,0.00,"no explicit disputational, cumulative, or exploratory talk marker"
,,Proactive_Supportive,group19_CONVO_SUNNY.txt,group19_CONVO_SUNNY,39,,PARTICIPANT_37,,,,And I think all people think the same way.,,no,0.00,"no explicit disputational, cumulative, or exploratory talk marker"
,,Proactive_Supportive,group19_CONVO_SUNNY.txt,group19_CONVO_SUNNY,42,,PARTICIPANT_38,,,,Which are very cheap compared to normal food.,,no,0.00,"no explicit disputational, cumulative, or exploratory talk marker"
,,Proactive_Supportive,group19_CONVO_SUNNY.txt,group19_CONVO_SUNNY,48,,PARTICIPANT_37,,,,I think that's a very good idea.,,no,0.00,"no explicit disputational, cumulative, or exploratory talk marker"
,,Proactive_Supportive,group19_CONVO_SUNNY.txt,group19_CONVO_SUNNY,49,,PARTICIPANT_37,,,,It's very insightful.,,no,0.00,"no explicit disputational, cumulative, or exploratory talk marker"
,,Proactive_Supportive,group19_CONVO_SUNNY.txt,group19_CONVO_SUNNY,52,,PARTICIPANT_37,,,,"What do you think, Pepper?",,no,0.00,"task management, robot address, or social talk without explicit Mercer talk type"
,,Proactive_Supportive,group19_CONVO_SUNNY.txt,group19_CONVO_SUNNY,53,,PARTICIPANT_37,,,,How can we lower the prices of the foods on campus?,,no,0.00,"no explicit disputational, cumulative, or exploratory talk marker"
,,Proactive_Supportive,group19_CONVO_SUNNY.txt,group19_CONVO_SUNNY,57,,PARTICIPANT_38,,,,"Because if you look at places like the Al O for example, it's",,no,0.00,"no explicit disputational, cumulative, or exploratory talk marker"
,,Proactive_Supportive,group19_CONVO_SUNNY.txt,group19_CONVO_SUNNY,63,,PARTICIPANT_38,,,,This could ensure transparency about food sources and potentially lower prices through collective,,no,0.00,"no explicit disputational, cumulative, or exploratory talk marker"
,,Proactive_Supportive,group19_CONVO_SUNNY.txt,group19_CONVO_SUNNY,64,,PARTICIPANT_37,,,,I feel like that's going to be quite difficult to coordinate.,,no,0.00,"no explicit disputational, cumulative, or exploratory talk marker"
,,Proactive_Supportive,group19_CONVO_SUNNY.txt,group19_CONVO_SUNNY,65,,PARTICIPANT_37,,,,I think it's over complicated.,,no,0.00,"no explicit disputational, cumulative, or exploratory talk marker"
,,Proactive_Supportive,group19_CONVO_SUNNY.txt,group19_CONVO_SUNNY,66,,PARTICIPANT_37,,,,"For example, other universities offer lower prices for food and students don't have to engage in such activities.",,no,0.00,"no explicit disputational, cumulative, or exploratory talk marker"
,,Proactive_Supportive,group19_CONVO_SUNNY.txt,group19_CONVO_SUNNY,67,,PARTICIPANT_37,,,,It's already arranged.,,no,0.00,"no explicit disputational, cumulative, or exploratory talk marker"
,,Proactive_Supportive,group19_CONVO_SUNNY.txt,group19_CONVO_SUNNY,68,,PARTICIPANT_38,,,,If you can just make it somehow non-profit.,,no,0.00,"no explicit disputational, cumulative, or exploratory talk marker"
,,Proactive_Supportive,group19_CONVO_SUNNY.txt,group19_CONVO_SUNNY,69,,PARTICIPANT_38,,,,I don't know what the profits are currently.,,no,0.00,"no explicit disputational, cumulative, or exploratory talk marker"
,,Proactive_Supportive,group19_CONVO_SUNNY.txt,group19_CONVO_SUNNY,70,,PARTICIPANT_38,,,,I think another point that I want to make is microwaves because I feel like with the food options now a lot of people bring food from home and you've got to heat it up and especially in our part of campus the microwaves are very few and you usually have to wait your entire lunch break,,no,0.00,"no explicit disputational, cumulative, or exploratory talk marker"
,,Proactive_Supportive,group19_CONVO_SUNNY.txt,group19_CONVO_SUNNY,71,,PARTICIPANT_38,,,,to be able to heat your thing up.,,no,0.00,"no explicit disputational, cumulative, or exploratory talk marker"
,,Proactive_Supportive,group19_CONVO_SUNNY.txt,group19_CONVO_SUNNY,72,,PARTICIPANT_38,,,,And I feel like a microwave is not such an expensive thing.,,no,0.00,"no explicit disputational, cumulative, or exploratory talk marker"
,,Proactive_Supportive,group19_CONVO_SUNNY.txt,group19_CONVO_SUNNY,73,,PARTICIPANT_38,,,,You can line up 10% per floor and it's soft.,,no,0.00,"no explicit disputational, cumulative, or exploratory talk marker"
,,Proactive_Supportive,group19_CONVO_SUNNY.txt,group19_CONVO_SUNNY,74,,PARTICIPANT_37,,,,I totally agree to be honest.,,no,0.00,"no explicit disputational, cumulative, or exploratory talk marker"
,,Proactive_Supportive,group19_CONVO_SUNNY.txt,group19_CONVO_SUNNY,75,,PARTICIPANT_37,,,,I think it's a very good solution.,,no,0.00,"no explicit disputational, cumulative, or exploratory talk marker"
,,Proactive_Supportive,group19_CONVO_SUNNY.txt,group19_CONVO_SUNNY,76,,PARTICIPANT_37,,,,"And especially with meal prepping, it's very annoying when your food is cold on the next day.",,no,0.00,"no explicit disputational, cumulative, or exploratory talk marker"
,,Proactive_Supportive,group19_CONVO_SUNNY.txt,group19_CONVO_SUNNY,78,,PARTICIPANT_37,,,,and it's delicious.,,no,0.00,"no explicit disputational, cumulative, or exploratory talk marker"
,,Proactive_Supportive,group19_CONVO_SUNNY.txt,group19_CONVO_SUNNY,84,,PARTICIPANT_37,,,,"Well, can you be more specific about your idea?",,no,0.00,"no explicit disputational, cumulative, or exploratory talk marker"
,,Proactive_Supportive,group19_CONVO_SUNNY.txt,group19_CONVO_SUNNY,85,,PARTICIPANT_37,,,,Because right now it sounds kind of generic.,,no,0.00,"no explicit disputational, cumulative, or exploratory talk marker"
,,Proactive_Supportive,group19_CONVO_SUNNY.txt,group19_CONVO_SUNNY,91,,PARTICIPANT_37,,,,That's an interesting idea about sponsorship and advertising on campus.,,no,0.00,"no explicit disputational, cumulative, or exploratory talk marker"
,,Proactive_Supportive,group19_CONVO_SUNNY.txt,group19_CONVO_SUNNY,97,,PARTICIPANT_37,,,,"Pepper, do you have any other suggestions for improving the campus life?",,no,0.00,"task management, robot address, or social talk without explicit Mercer talk type"
,,Proactive_Supportive,group19_CONVO_SUNNY.txt,group19_CONVO_SUNNY,100,,PARTICIPANT_38,,,,"I think this already exists, right?",,no,0.00,"no explicit disputational, cumulative, or exploratory talk marker"
,,Proactive_Supportive,group19_CONVO_SUNNY.txt,group19_CONVO_SUNNY,101,,PARTICIPANT_38,,,,"Stuff like this, like BEPRA doesn't already exist.",,no,0.00,"no explicit disputational, cumulative, or exploratory talk marker"
,,Proactive_Supportive,group19_CONVO_SUNNY.txt,group19_CONVO_SUNNY,104,,PARTICIPANT_37,,,,"Well, yeah.",,no,0.00,no explicit Mercer talk type
,,Proactive_Supportive,group19_CONVO_SUNNY.txt,group19_CONVO_SUNNY,107,,PARTICIPANT_38,,,,Everyone have?,,no,0.00,no explicit Mercer talk type
,,Proactive_Supportive,group19_CONVO_SUNNY.txt,group19_CONVO_SUNNY,108,,PARTICIPANT_38,,,,switch topics a little bit.,,no,0.00,"no explicit disputational, cumulative, or exploratory talk marker"
,,Proactive_Supportive,group19_CONVO_SUNNY.txt,group19_CONVO_SUNNY,109,,PARTICIPANT_38,,,,What do you think about safety on campus?,,no,0.00,"task management, robot address, or social talk without explicit Mercer talk type"
,,Proactive_Supportive,group19_CONVO_SUNNY.txt,group19_CONVO_SUNNY,113,,PARTICIPANT_38,,,,"Pepper, how do you think we can improve security on campus?",,no,0.00,"no explicit disputational, cumulative, or exploratory talk marker"
,,Proactive_Supportive,group19_CONVO_SUNNY.txt,group19_CONVO_SUNNY,117,,PARTICIPANT_38,,,,I think you're pushing your student ambassador program.,,no,0.00,"no explicit disputational, cumulative, or exploratory talk marker"
,,Proactive_Supportive,group19_CONVO_SUNNY.txt,group19_CONVO_SUNNY,118,,PARTICIPANT_38,,,,I think after all it's all about money if you think about it.,,no,0.00,"no explicit disputational, cumulative, or exploratory talk marker"
,,Proactive_Supportive,group19_CONVO_SUNNY.txt,group19_CONVO_SUNNY,119,,PARTICIPANT_38,,,,"If there was infinite amount of money you'd have the best coffee, the best microwave, the best security, the best everything.",,no,0.00,"no explicit disputational, cumulative, or exploratory talk marker"
,,Proactive_Supportive,group20_CONVO.txt,group20_CONVO,1,,PARTICIPANT_39,,,,Should we start with maybe student well-being?,,no,0.00,"no explicit disputational, cumulative, or exploratory talk marker"
,,Proactive_Supportive,group20_CONVO.txt,group20_CONVO,2,,PARTICIPANT_39,,,,Start talking about that?,,no,0.00,"no explicit disputational, cumulative, or exploratory talk marker"
,,Proactive_Supportive,group20_CONVO.txt,group20_CONVO,4,,PARTICIPANT_40,,,,"By well-being, is that like mental health stuff?",,no,0.00,"no explicit disputational, cumulative, or exploratory talk marker"
,,Proactive_Supportive,group20_CONVO.txt,group20_CONVO,6,,PARTICIPANT_40,,,,This is a pretty broad topic.,,no,0.00,"no explicit disputational, cumulative, or exploratory talk marker"
,,Proactive_Supportive,group20_CONVO.txt,group20_CONVO,7,,PARTICIPANT_39,,,,"Actually, let's just start with safety and comfort, because I have an idea for that.",,no,0.00,"no explicit disputational, cumulative, or exploratory talk marker"
,,Proactive_Supportive,group20_CONVO.txt,group20_CONVO,14,,PARTICIPANT_39,,,,"I actually haven't really looked into that, so I don't know if they already have stuff like that.",,no,0.00,"no explicit disputational, cumulative, or exploratory talk marker"
,,Proactive_Supportive,group20_CONVO.txt,group20_CONVO,15,,PARTICIPANT_39,,,,"Yeah, same.",,no,0.00,no explicit Mercer talk type
,,Proactive_Supportive,group20_CONVO.txt,group20_CONVO,16,,PARTICIPANT_39,,,,Support.,,no,0.00,no explicit Mercer talk type
,,Proactive_Supportive,group20_CONVO.txt,group20_CONVO,20,,PARTICIPANT_40,,,,"Well, I guess that can tie in with safety and stuff.",,no,0.00,"no explicit disputational, cumulative, or exploratory talk marker"
,,Proactive_Supportive,group20_CONVO.txt,group20_CONVO,25,,PARTICIPANT_39,,,,"As I said, I think in that area, it's already pretty good.",,no,0.00,"no explicit disputational, cumulative, or exploratory talk marker"
,,Proactive_Supportive,group20_CONVO.txt,group20_CONVO,26,,PARTICIPANT_39,,,,"Something else I was trying to talk about was having crosswalks, little crosswalks.",,no,0.00,"no explicit disputational, cumulative, or exploratory talk marker"
,,Proactive_Supportive,group20_CONVO.txt,group20_CONVO,28,,PARTICIPANT_40,,,,I noticed that today on the way in.,,no,0.00,"no explicit disputational, cumulative, or exploratory talk marker"
,,Proactive_Supportive,group20_CONVO.txt,group20_CONVO,29,,PARTICIPANT_39,,,,Sometimes you just have to go.,,no,0.00,"no explicit disputational, cumulative, or exploratory talk marker"
,,Proactive_Supportive,group20_CONVO.txt,group20_CONVO,30,,PARTICIPANT_40,,,,"Pepper, what do you think about adding crosswalks across bike lanes?",,no,0.00,"task management, robot address, or social talk without explicit Mercer talk type"
,,Proactive_Supportive,group20_CONVO.txt,group20_CONVO,33,,PARTICIPANT_40,,,,How is the food here?,,no,0.00,"no explicit disputational, cumulative, or exploratory talk marker"
,,Proactive_Supportive,group20_CONVO.txt,group20_CONVO,37,,PARTICIPANT_39,,,,"Oh, interesting.",,no,0.00,no explicit Mercer talk type
,,Proactive_Supportive,group20_CONVO.txt,group20_CONVO,38,,PARTICIPANT_40,,,,"Just like more variety would be good, maybe.",,no,0.00,"no explicit disputational, cumulative, or exploratory talk marker"
,,Proactive_Supportive,group20_CONVO.txt,group20_CONVO,48,,PARTICIPANT_39,,,,"events and activities, maybe.",,no,0.00,"no explicit disputational, cumulative, or exploratory talk marker"
,,Proactive_Supportive,group20_CONVO.txt,group20_CONVO,53,,PARTICIPANT_39,,,,"Maybe like food culture, like maybe once a year or something.",,no,0.00,"no explicit disputational, cumulative, or exploratory talk marker"
,,Proactive_Supportive,group20_CONVO.txt,group20_CONVO,54,,PARTICIPANT_40,,,,"Yeah, yeah.",,no,0.00,no explicit Mercer talk type
,,Proactive_Supportive,group20_CONVO.txt,group20_CONVO,58,,PARTICIPANT_40,,,,I know there's a Korean one.,,no,0.00,"no explicit disputational, cumulative, or exploratory talk marker"
,,Proactive_Supportive,group20_CONVO.txt,group20_CONVO,60,,PARTICIPANT_40,,,,That's just me.,,no,0.00,"no explicit disputational, cumulative, or exploratory talk marker"
,,Proactive_Supportive,group20_CONVO.txt,group20_CONVO,61,,PARTICIPANT_39,,,,I think that's also great for social interaction.,,no,0.00,"no explicit disputational, cumulative, or exploratory talk marker"
,,Proactive_Supportive,group20_CONVO.txt,group20_CONVO,62,,PARTICIPANT_39,,,,You can learn about other people's cultures and things like that.,,no,0.00,"no explicit disputational, cumulative, or exploratory talk marker"
,,Proactive_Supportive,group20_CONVO.txt,group20_CONVO,63,,PARTICIPANT_40,,,,Be a truly international university.,,no,0.00,"no explicit disputational, cumulative, or exploratory talk marker"
,,Proactive_Supportive,group20_CONVO.txt,group20_CONVO,64,,PARTICIPANT_39,,,,Also very international school.,,no,0.00,"no explicit disputational, cumulative, or exploratory talk marker"
,,Proactive_Supportive,group20_CONVO.txt,group20_CONVO,65,,PARTICIPANT_40,,,,"Pepper, how would you encourage social interaction for new international students?",,no,0.00,"no explicit disputational, cumulative, or exploratory talk marker"
,,Proactive_Supportive,group20_CONVO.txt,group20_CONVO,68,,PARTICIPANT_40,,,,or maybe like cultural events too.,,no,0.00,"no explicit disputational, cumulative, or exploratory talk marker"
,,Proactive_Supportive,group20_CONVO.txt,group20_CONVO,69,,PARTICIPANT_40,,,,It doesn't have to be food.,,no,0.00,"no explicit disputational, cumulative, or exploratory talk marker"
,,Proactive_Supportive,group20_CONVO.txt,group20_CONVO,71,,PARTICIPANT_39,,,,"Pepper, do you have any other ideas for improving social interaction?",,no,0.00,"task management, robot address, or social talk without explicit Mercer talk type"
,,Proactive_Supportive,group20_CONVO.txt,group20_CONVO,74,,PARTICIPANT_39,,,,What do you mean by mentorship program?,,no,0.00,"no explicit disputational, cumulative, or exploratory talk marker"
,,Proactive_Supportive,group20_CONVO.txt,group20_CONVO,75,,PARTICIPANT_39,,,,"Could you expand on it, maybe?",,no,0.00,"no explicit disputational, cumulative, or exploratory talk marker"
,,Proactive_Supportive,group20_CONVO.txt,group20_CONVO,76,,PARTICIPANT_39,,,,"Pepper, could you expand on what you mean by the mentorship program?",,no,0.00,"no explicit disputational, cumulative, or exploratory talk marker"
,,Proactive_Supportive,group20_CONVO.txt,group20_CONVO,80,,PARTICIPANT_39,,,,"Expanding on the mentorship program thing, like at least in first year we have like a thing called Mentorship, literally called Mentorate Mentorate and you basically like, there's like a second year comes and they basically like help you, it's like once per week they help you out with things sometimes",,no,0.00,"no explicit disputational, cumulative, or exploratory talk marker"
,,Proactive_Supportive,group20_CONVO.txt,group20_CONVO,84,,PARTICIPANT_40,,,,That would be good.,,no,0.00,"no explicit disputational, cumulative, or exploratory talk marker"
,,Proactive_Supportive,group20_CONVO.txt,group20_CONVO,89,,PARTICIPANT_39,,,,I felt like it was kind of forced on us sometimes.,,no,0.00,"no explicit disputational, cumulative, or exploratory talk marker"
,,Proactive_Supportive,group20_CONVO.txt,group20_CONVO,99,,PARTICIPANT_39,,,,"Pepper, we're kind of stuck on what we should talk about.",,no,0.00,"no explicit disputational, cumulative, or exploratory talk marker"
,,Proactive_Supportive,group20_CONVO.txt,group20_CONVO,100,,PARTICIPANT_39,,,,Could you give us an idea of how we could improve safety and comfort on campus?,,no,0.00,"no explicit disputational, cumulative, or exploratory talk marker"
,,Proactive_Supportive,group20_CONVO.txt,group20_CONVO,107,,PARTICIPANT_39,,,,"It just sounds dangerous, and it is dangerous sometimes.",,no,0.00,"no explicit disputational, cumulative, or exploratory talk marker"
,,Proactive_Supportive,group20_CONVO.txt,group20_CONVO,109,,PARTICIPANT_39,,,,Give people something to do.,,no,0.00,"no explicit disputational, cumulative, or exploratory talk marker"
,,Proactive_Supportive,group21_CONVO.txt,group21_CONVO,1,,PARTICIPANT_42,,,,"Alright, so as you know we're two students in civil engineering and we are under a lot of stress in especially learning the earthquake course.",,no,0.00,"no explicit disputational, cumulative, or exploratory talk marker"
,,Proactive_Supportive,group21_CONVO.txt,group21_CONVO,3,,PARTICIPANT_42,,,,What do you think?,,no,0.00,"task management, robot address, or social talk without explicit Mercer talk type"
,,Proactive_Supportive,group21_CONVO.txt,group21_CONVO,4,,PARTICIPANT_41,,,,I mean I think it's really alright.,,no,0.00,"no explicit disputational, cumulative, or exploratory talk marker"
,,Proactive_Supportive,group21_CONVO.txt,group21_CONVO,5,,PARTICIPANT_41,,,,We've been taken in care by a professor who's trying to,,no,0.00,"no explicit disputational, cumulative, or exploratory talk marker"
,,Proactive_Supportive,group21_CONVO.txt,group21_CONVO,7,,PARTICIPANT_42,,,,Pepper do you have any suggestions on what we can do to alleviate this academic stress?,,no,0.00,"no explicit disputational, cumulative, or exploratory talk marker"
,,Proactive_Supportive,group21_CONVO.txt,group21_CONVO,10,,PARTICIPANT_42,,,,OK. That sounds like a good idea.,,no,0.00,"task management, robot address, or social talk without explicit Mercer talk type"
,,Proactive_Supportive,group21_CONVO.txt,group21_CONVO,11,,PARTICIPANT_42,,,,"Building on top of your social interaction suggestion, we also have",,no,0.00,"no explicit disputational, cumulative, or exploratory talk marker"
,,Proactive_Supportive,group21_CONVO.txt,group21_CONVO,12,,PARTICIPANT_42,,,,community in civil engineering called UBase.,,no,0.00,"no explicit disputational, cumulative, or exploratory talk marker"
,,Proactive_Supportive,group21_CONVO.txt,group21_CONVO,13,,PARTICIPANT_42,,,,And there we have students learning the same stuff or comparable stuff.,,no,0.00,"no explicit disputational, cumulative, or exploratory talk marker"
,,Proactive_Supportive,group21_CONVO.txt,group21_CONVO,15,,PARTICIPANT_42,,,,And I guess that helps alleviate some of the stress.,,no,0.00,"no explicit disputational, cumulative, or exploratory talk marker"
,,Proactive_Supportive,group21_CONVO.txt,group21_CONVO,16,,PARTICIPANT_41,,,,"It's also a nice possibility, a nice moment to get your head off it.",,no,0.00,"no explicit disputational, cumulative, or exploratory talk marker"
,,Proactive_Supportive,group21_CONVO.txt,group21_CONVO,17,,PARTICIPANT_41,,,,and to be able to talk about other stuff.,,no,0.00,"no explicit disputational, cumulative, or exploratory talk marker"
,,Proactive_Supportive,group21_CONVO.txt,group21_CONVO,26,,PARTICIPANT_42,,,,I guess the professor should be able to take initiative and also,,no,0.00,"no explicit disputational, cumulative, or exploratory talk marker"
,,Proactive_Supportive,group21_CONVO.txt,group21_CONVO,28,,PARTICIPANT_42,,,,should be able to take at least some of the initiative in this collaboration.,,no,0.00,"no explicit disputational, cumulative, or exploratory talk marker"
,,Proactive_Supportive,group21_CONVO.txt,group21_CONVO,32,,PARTICIPANT_41,,,,I personally think the best way to implement it is to actually develop clear steps and clear goals on this.,,no,0.00,"no explicit disputational, cumulative, or exploratory talk marker"
,,Proactive_Supportive,group21_CONVO.txt,group21_CONVO,34,,PARTICIPANT_41,,,,things we want to implement to be able to go further.,,no,0.00,"no explicit disputational, cumulative, or exploratory talk marker"
,,Proactive_Supportive,group21_CONVO.txt,group21_CONVO,39,,PARTICIPANT_42,,,,Some aspects that I guess...,,no,0.00,"no explicit disputational, cumulative, or exploratory talk marker"
,,Proactive_Supportive,group21_CONVO.txt,group21_CONVO,44,,PARTICIPANT_42,,,,Some focus points that I guess this initiative should focus upon would be inclusivity of,,no,0.00,"no explicit disputational, cumulative, or exploratory talk marker"
,,Proactive_Supportive,group21_CONVO.txt,group21_CONVO,45,,PARTICIPANT_42,,,,"students, especially international students who don't really have that big of a social circle compared to people who already stay here.",,no,0.00,"no explicit disputational, cumulative, or exploratory talk marker"
,,Proactive_Supportive,group21_CONVO.txt,group21_CONVO,49,,PARTICIPANT_42,,,,"Do you have any other ideas, Pepper?",,no,0.00,"task management, robot address, or social talk without explicit Mercer talk type"
,,Proactive_Supportive,group21_CONVO.txt,group21_CONVO,52,,PARTICIPANT_41,,,,"Actually, now you say it.",,no,0.00,"no explicit disputational, cumulative, or exploratory talk marker"
,,Proactive_Supportive,group21_CONVO.txt,group21_CONVO,53,,PARTICIPANT_41,,,,It's a program already existing.,,no,0.00,"no explicit disputational, cumulative, or exploratory talk marker"
,,Proactive_Supportive,group21_CONVO.txt,group21_CONVO,58,,PARTICIPANT_41,,,,That's definitely a good idea.,,no,0.00,"no explicit disputational, cumulative, or exploratory talk marker"
,,Proactive_Supportive,group21_CONVO.txt,group21_CONVO,59,,PARTICIPANT_41,,,,We can get something to implement.,,no,0.00,"no explicit disputational, cumulative, or exploratory talk marker"
,,Proactive_Supportive,group21_CONVO.txt,group21_CONVO,60,,PARTICIPANT_41,,,,We only have to see how it can be organized and brought to the students.,,no,0.00,"no explicit disputational, cumulative, or exploratory talk marker"
,,Proactive_Supportive,group21_CONVO.txt,group21_CONVO,62,,PARTICIPANT_41,,,,What are your proposals on that paper?,,no,0.00,"task management, robot address, or social talk without explicit Mercer talk type"
,,Proactive_Supportive,group21_CONVO.txt,group21_CONVO,65,,PARTICIPANT_42,,,,"Do you have any ideas, Pepper?",,no,0.00,"task management, robot address, or social talk without explicit Mercer talk type"
,,Proactive_Supportive,group21_CONVO.txt,group21_CONVO,66,,PARTICIPANT_42,,,,On the specific roles that you mentioned?,,no,0.00,"no explicit disputational, cumulative, or exploratory talk marker"
,,Proactive_Supportive,group22_CONVO.txt,group22_CONVO,1,,PARTICIPANT_44,,,,Hi!,,no,0.00,no explicit Mercer talk type
,,Proactive_Supportive,group22_CONVO.txt,group22_CONVO,3,,PARTICIPANT_44,,,,How have you felt recently?,,no,0.00,"no explicit disputational, cumulative, or exploratory talk marker"
,,Proactive_Supportive,group22_CONVO.txt,group22_CONVO,4,,PARTICIPANT_43,,,,Hi.,,no,0.00,no explicit Mercer talk type
,,Proactive_Supportive,group22_CONVO.txt,group22_CONVO,5,,PARTICIPANT_43,,,,Pretty chill.,,no,0.00,no explicit Mercer talk type
,,Proactive_Supportive,group22_CONVO.txt,group22_CONVO,6,,PARTICIPANT_43,,,,It's been going.,,no,0.00,"no explicit disputational, cumulative, or exploratory talk marker"
,,Proactive_Supportive,group22_CONVO.txt,group22_CONVO,7,,PARTICIPANT_43,,,,I think the campus is definitely very safe.,,no,0.00,"no explicit disputational, cumulative, or exploratory talk marker"
,,Proactive_Supportive,group22_CONVO.txt,group22_CONVO,8,,PARTICIPANT_43,,,,I haven't heard anyone getting their bike stolen.,,no,0.00,"no explicit disputational, cumulative, or exploratory talk marker"
,,Proactive_Supportive,group22_CONVO.txt,group22_CONVO,9,,PARTICIPANT_43,,,,Commonly occurs in the city center.,,no,0.00,"no explicit disputational, cumulative, or exploratory talk marker"
,,Proactive_Supportive,group22_CONVO.txt,group22_CONVO,11,,PARTICIPANT_43,,,,Pretty strong.,,no,0.00,no explicit Mercer talk type
,,Proactive_Supportive,group22_CONVO.txt,group22_CONVO,13,,PARTICIPANT_44,,,,I've heard actually the safety recently has not been that great.,,no,0.00,"no explicit disputational, cumulative, or exploratory talk marker"
,,Proactive_Supportive,group22_CONVO.txt,group22_CONVO,14,,PARTICIPANT_44,,,,There have been some people on fun bikes attacking students.,,no,0.00,"no explicit disputational, cumulative, or exploratory talk marker"
,,Proactive_Supportive,group22_CONVO.txt,group22_CONVO,15,,PARTICIPANT_44,,,,I actually read about this like four to five days ago.,,no,0.00,"no explicit disputational, cumulative, or exploratory talk marker"
,,Proactive_Supportive,group22_CONVO.txt,group22_CONVO,16,,PARTICIPANT_44,,,,Pepper?,,no,0.00,no explicit Mercer talk type
,,Proactive_Supportive,group22_CONVO.txt,group22_CONVO,17,,PARTICIPANT_44,,,,"Yeah, Pepper.",,no,0.00,no explicit Mercer talk type
,,Proactive_Supportive,group22_CONVO.txt,group22_CONVO,18,,PARTICIPANT_44,,,,Have you heard about this?,,no,0.00,"no explicit disputational, cumulative, or exploratory talk marker"
,,Proactive_Supportive,group22_CONVO.txt,group22_CONVO,21,,PARTICIPANT_44,,,,"I was shocked, to be honest.",,no,0.00,"no explicit disputational, cumulative, or exploratory talk marker"
,,Proactive_Supportive,group22_CONVO.txt,group22_CONVO,22,,PARTICIPANT_44,,,,I also saw that there is one Reddit group.,,no,0.00,"no explicit disputational, cumulative, or exploratory talk marker"
,,Proactive_Supportive,group22_CONVO.txt,group22_CONVO,25,,PARTICIPANT_44,,,,What do you think about that?,,no,0.00,"task management, robot address, or social talk without explicit Mercer talk type"
,,Proactive_Supportive,group22_CONVO.txt,group22_CONVO,26,,PARTICIPANT_44,,,,Would you be interested in joining the community event?,,no,0.00,"no explicit disputational, cumulative, or exploratory talk marker"
,,Proactive_Supportive,group22_CONVO.txt,group22_CONVO,27,,PARTICIPANT_43,,,,That's interesting.,,no,0.00,no explicit Mercer talk type
,,Proactive_Supportive,group22_CONVO.txt,group22_CONVO,32,,PARTICIPANT_43,,,,There's the security on the bikes going throughout campus.,,no,0.00,"no explicit disputational, cumulative, or exploratory talk marker"
,,Proactive_Supportive,group22_CONVO.txt,group22_CONVO,38,,PARTICIPANT_43,,,,"I mean, it does hurt the sustainability of it,",,no,0.00,"no explicit disputational, cumulative, or exploratory talk marker"
,,Proactive_Supportive,group22_CONVO.txt,group22_CONVO,39,,PARTICIPANT_43,,,,"is having strong lights everywhere, all the campus streets being fully lit up, and that could solve a bit of it.",,no,0.00,"no explicit disputational, cumulative, or exploratory talk marker"
,,Proactive_Supportive,group22_CONVO.txt,group22_CONVO,40,,PARTICIPANT_44,,,,"OK. On another topic, what do you think about the food and the services that Delta provides generally on the campus?",,no,0.00,"task management, robot address, or social talk without explicit Mercer talk type"
,,Proactive_Supportive,group22_CONVO.txt,group22_CONVO,42,,PARTICIPANT_43,,,,"Oh, man.",,no,0.00,no explicit Mercer talk type
,,Proactive_Supportive,group22_CONVO.txt,group22_CONVO,43,,PARTICIPANT_43,,,,"At aerospace, we are doing really good.",,no,0.00,"no explicit disputational, cumulative, or exploratory talk marker"
,,Proactive_Supportive,group22_CONVO.txt,group22_CONVO,44,,PARTICIPANT_43,,,,"Thankfully, at the fellowship, we have two great restaurants, the Greek and the Italian place.",,no,0.00,"no explicit disputational, cumulative, or exploratory talk marker"
,,Proactive_Supportive,group22_CONVO.txt,group22_CONVO,45,,PARTICIPANT_43,,,,We have lots of nice food.,,no,0.00,"no explicit disputational, cumulative, or exploratory talk marker"
,,Proactive_Supportive,group22_CONVO.txt,group22_CONVO,46,,PARTICIPANT_43,,,,There's vegetarian stuff in the Italian.,,no,0.00,"no explicit disputational, cumulative, or exploratory talk marker"
,,Proactive_Supportive,group22_CONVO.txt,group22_CONVO,47,,PARTICIPANT_43,,,,There's lots of meat options in the Greek place.,,no,0.00,"no explicit disputational, cumulative, or exploratory talk marker"
,,Proactive_Supportive,group22_CONVO.txt,group22_CONVO,50,,PARTICIPANT_43,,,,"In fact, it's quite limited.",,no,0.00,"no explicit disputational, cumulative, or exploratory talk marker"
,,Proactive_Supportive,group22_CONVO.txt,group22_CONVO,51,,PARTICIPANT_43,,,,It's expensive.,,no,0.00,no explicit Mercer talk type
,,Proactive_Supportive,group22_CONVO.txt,group22_CONVO,52,,PARTICIPANT_43,,,,And yeah.,,no,0.00,no explicit Mercer talk type
,,Proactive_Supportive,group22_CONVO.txt,group22_CONVO,54,,PARTICIPANT_44,,,,You mean on our part of the campus?,,no,0.00,"no explicit disputational, cumulative, or exploratory talk marker"
,,Proactive_Supportive,group22_CONVO.txt,group22_CONVO,55,,PARTICIPANT_44,,,,Just one or two big restaurants?,,no,0.00,"no explicit disputational, cumulative, or exploratory talk marker"
,,Proactive_Supportive,group22_CONVO.txt,group22_CONVO,57,,PARTICIPANT_44,,,,Do you think that this is achievable in the next few years?,,no,0.00,"no explicit disputational, cumulative, or exploratory talk marker"
,,Proactive_Supportive,group22_CONVO.txt,group22_CONVO,59,,PARTICIPANT_44,,,,Do you think that we can talk about this?,,no,0.00,"no explicit disputational, cumulative, or exploratory talk marker"
,,Proactive_Supportive,group22_CONVO.txt,group22_CONVO,61,,PARTICIPANT_44,,,,That's an interesting point about the restaurants and canteens.,,no,0.00,"no explicit disputational, cumulative, or exploratory talk marker"
,,Proactive_Supportive,group22_CONVO.txt,group22_CONVO,64,,PARTICIPANT_44,,,,"OK, cool.",,no,0.00,no explicit Mercer talk type
,,Proactive_Supportive,group22_CONVO.txt,group22_CONVO,66,,PARTICIPANT_44,,,,What do you think is the first step?,,no,0.00,"task management, robot address, or social talk without explicit Mercer talk type"
,,Proactive_Supportive,group22_CONVO.txt,group22_CONVO,70,,PARTICIPANT_44,,,,What do you think the best place for an outlet would be?,,no,0.00,"no explicit disputational, cumulative, or exploratory talk marker"
,,Proactive_Supportive,group22_CONVO.txt,group22_CONVO,73,,PARTICIPANT_43,,,,The food trucks are already close to the Aula and the Aula restaurant is,,no,0.00,"no explicit disputational, cumulative, or exploratory talk marker"
,,Proactive_Supportive,group22_CONVO.txt,group22_CONVO,77,,PARTICIPANT_43,,,,"Petar, what do you think?",,no,0.00,"task management, robot address, or social talk without explicit Mercer talk type"
,,Proactive_Supportive,group22_CONVO.txt,group22_CONVO,78,,PARTICIPANT_43,,,,Are two locations enough or is one better or maybe more than one?,,no,0.00,"no explicit disputational, cumulative, or exploratory talk marker"
,,Proactive_Supportive,group22_CONVO.txt,group22_CONVO,81,,PARTICIPANT_44,,,,"I think survey sounds like a good option, so I think we are aligned on that.",,no,0.00,"no explicit disputational, cumulative, or exploratory talk marker"
,,Proactive_Supportive,group22_CONVO.txt,group22_CONVO,83,,PARTICIPANT_44,,,,"Also, well, in your restaurant, the Italian agree to mention, I've heard that the prices are something kind of alike.",,no,0.00,"no explicit disputational, cumulative, or exploratory talk marker"
,,Proactive_Supportive,group22_CONVO.txt,group22_CONVO,88,,PARTICIPANT_44,,,,"Do you believe that they need to be that high for the restaurants to remain in business, or are they making",,no,0.00,"no explicit disputational, cumulative, or exploratory talk marker"
,,Proactive_Supportive,group22_CONVO.txt,group22_CONVO,93,,PARTICIPANT_43,,,,"I think the university takes a big cut for leasing spaces, especially for the restaurants that are in place, like in the hour, not the food trucks.",,no,0.00,"no explicit disputational, cumulative, or exploratory talk marker"
,,Proactive_Supportive,group22_CONVO.txt,group22_CONVO,94,,PARTICIPANT_43,,,,I know the rents are pretty high.,,no,0.00,"no explicit disputational, cumulative, or exploratory talk marker"
,,Proactive_Supportive,group22_CONVO.txt,group22_CONVO,97,,PARTICIPANT_43,,,,The loyalty program sounds like a good deal.,,no,0.00,"no explicit disputational, cumulative, or exploratory talk marker"
,,Proactive_Supportive,group22_CONVO.txt,group22_CONVO,99,,PARTICIPANT_43,,,,Kind of like a monthly subscription for the student company.,,no,0.00,"no explicit disputational, cumulative, or exploratory talk marker"
,,Proactive_Supportive,group22_CONVO.txt,group22_CONVO,100,,PARTICIPANT_43,,,,I think that's a great idea at that part.,,no,0.00,"no explicit disputational, cumulative, or exploratory talk marker"
,,Proactive_Supportive,group22_CONVO.txt,group22_CONVO,101,,PARTICIPANT_44,,,,Do you get the share driving idea that he proposed?,,no,0.00,"no explicit disputational, cumulative, or exploratory talk marker"
,,Proactive_Supportive,group22_CONVO.txt,group22_CONVO,103,,PARTICIPANT_44,,,,companies like food providers working together?,,no,0.00,"no explicit disputational, cumulative, or exploratory talk marker"
,,Proactive_Supportive,group22_CONVO.txt,group22_CONVO,105,,PARTICIPANT_43,,,,I think all the restaurants.,,no,0.00,"no explicit disputational, cumulative, or exploratory talk marker"
,,Proactive_Supportive,group22_CONVO.txt,group22_CONVO,110,,PARTICIPANT_43,,,,and to a shared pool.,,no,0.00,"no explicit disputational, cumulative, or exploratory talk marker"
,,Proactive_Supportive,group22_CONVO.txt,group22_CONVO,112,,PARTICIPANT_43,,,,"Some restaurants might see more foot traffic than others, or there might be more people that gravitate toward a certain cuisine.",,no,0.00,"no explicit disputational, cumulative, or exploratory talk marker"
,,Proactive_Supportive,group22_CONVO.txt,group22_CONVO,114,,PARTICIPANT_43,,,,it could be profitable for all types of restaurants and cuisine options to be available on campus.,,no,0.00,"no explicit disputational, cumulative, or exploratory talk marker"
,,Proactive_Supportive,group22_CONVO.txt,group22_CONVO,116,,PARTICIPANT_44,,,,I think they might want to beat the competition.,,no,0.00,"no explicit disputational, cumulative, or exploratory talk marker"
,,Proactive_Supportive,group22_CONVO.txt,group22_CONVO,119,,PARTICIPANT_43,,,,"Pepper, what would you say?",,no,0.00,"no explicit disputational, cumulative, or exploratory talk marker"
,,Proactive_Supportive,group22_CONVO.txt,group22_CONVO,123,,PARTICIPANT_44,,,,And there are five days of the week.,,no,0.00,"no explicit disputational, cumulative, or exploratory talk marker"
,,Proactive_Supportive,group22_CONVO.txt,group22_CONVO,125,,PARTICIPANT_44,,,,"Some students will be on the campus only on Wednesday and Friday, I'd say.",,no,0.00,"no explicit disputational, cumulative, or exploratory talk marker"
,,Proactive_Supportive,group22_CONVO.txt,group22_CONVO,127,,PARTICIPANT_44,,,,It sounds like a good option.,,no,0.00,"no explicit disputational, cumulative, or exploratory talk marker"
,,Proactive_Supportive,group22_CONVO.txt,group22_CONVO,128,,PARTICIPANT_43,,,,"So, right?",,no,0.00,no explicit Mercer talk type
,,Proactive_Supportive,group22_CONVO.txt,group22_CONVO,130,,PARTICIPANT_44,,,,"On another topic, what do you think about the events that are around the campus?",,no,0.00,"task management, robot address, or social talk without explicit Mercer talk type"
,,Proactive_Supportive,group22_CONVO.txt,group22_CONVO,131,,PARTICIPANT_43,,,,I think the events are fine.,,no,0.00,"no explicit disputational, cumulative, or exploratory talk marker"
,,Proactive_Supportive,group22_CONVO.txt,group22_CONVO,133,,PARTICIPANT_44,,,,I was really looking forward to it.,,no,0.00,"no explicit disputational, cumulative, or exploratory talk marker"
,,Proactive_Supportive,group22_CONVO.txt,group22_CONVO,134,,PARTICIPANT_44,,,,"I feel like in general, there could be more runs.",,no,0.00,"no explicit disputational, cumulative, or exploratory talk marker"
,,Proactive_Supportive,group22_CONVO.txt,group22_CONVO,136,,PARTICIPANT_44,,,,"There is just the DAPC, which is an algorithmic programming competition.",,no,0.00,"no explicit disputational, cumulative, or exploratory talk marker"
,,Proactive_Supportive,group22_CONVO.txt,group22_CONVO,137,,PARTICIPANT_44,,,,And it's really sad that there is just one.,,no,0.00,"no explicit disputational, cumulative, or exploratory talk marker"
,,Proactive_Supportive,group22_CONVO.txt,group22_CONVO,138,,PARTICIPANT_44,,,,"It's like, what are you supposed to be doing after?",,no,0.00,"no explicit disputational, cumulative, or exploratory talk marker"
,,Proactive_Supportive,group22_CONVO.txt,group22_CONVO,139,,PARTICIPANT_44,,,,There are also the next levels of this competition.,,no,0.00,"no explicit disputational, cumulative, or exploratory talk marker"
,,Proactive_Supportive,group22_CONVO.txt,group22_CONVO,141,,PARTICIPANT_43,,,,"talk about yourself at aerospace, you don't even have competition.",,no,0.00,"no explicit disputational, cumulative, or exploratory talk marker"
,,Proactive_Supportive,group22_CONVO.txt,group22_CONVO,142,,PARTICIPANT_43,,,,You have zero.,,no,0.00,"no explicit disputational, cumulative, or exploratory talk marker"
,,Proactive_Supportive,group22_CONVO.txt,group22_CONVO,147,,PARTICIPANT_44,,,,What type of competition would you enjoy?,,no,0.00,"no explicit disputational, cumulative, or exploratory talk marker"
,,Proactive_Supportive,group22_CONVO.txt,group22_CONVO,148,,PARTICIPANT_44,,,,"Like, have you talked about that?",,no,0.00,"no explicit disputational, cumulative, or exploratory talk marker"
,,Proactive_Supportive,group22_CONVO.txt,group22_CONVO,149,,PARTICIPANT_44,,,,What type of competition could they create for aerospace students?,,no,0.00,"no explicit disputational, cumulative, or exploratory talk marker"
,,Proactive_Supportive,group22_CONVO.txt,group22_CONVO,150,,PARTICIPANT_44,,,,Maybe two of the others can come up with some idea.,,no,0.00,"no explicit disputational, cumulative, or exploratory talk marker"
,,Proactive_Supportive,group22_CONVO.txt,group22_CONVO,152,,PARTICIPANT_43,,,,and hackathons.,,no,0.00,no explicit Mercer talk type
,,Proactive_Supportive,group22_CONVO.txt,group22_CONVO,153,,PARTICIPANT_43,,,,Hackathons organized by the university itself would be a pretty fun way to work in multidisciplinary teams within multiple faculties.,,no,0.00,"no explicit disputational, cumulative, or exploratory talk marker"
,,Proactive_Supportive,group22_CONVO.txt,group22_CONVO,155,,PARTICIPANT_43,,,,That would be a great way to foster inter-faculty,,no,0.00,"no explicit disputational, cumulative, or exploratory talk marker"
,,Proactive_Supportive,group22_CONVO.txt,group22_CONVO,156,,PARTICIPANT_43,,,,Competitions and in general getting to know other people from outside your field.,,no,0.00,"no explicit disputational, cumulative, or exploratory talk marker"
,,Proactive_Supportive,group22_CONVO.txt,group22_CONVO,158,,PARTICIPANT_44,,,,Because it actually sounds like a great idea.,,no,0.00,"no explicit disputational, cumulative, or exploratory talk marker"
,,Proactive_Supportive,group22_CONVO.txt,group22_CONVO,159,,PARTICIPANT_44,,,,What do you think stops Dell from organizing this event even right now?,,no,0.00,"task management, robot address, or social talk without explicit Mercer talk type"
