sequence_index,timestamp,speaker,text,phase,robot_turn_index,triggered_robot,mercer_code,coder_notes
1,2026-05-09T14:00:10+02:00,Participant 1,"When I think about the TU Delft campus, the first thing is how impressive it looks, especially around the library and Aula. But it can also feel huge when you are new, like you are walking through a city before you know the shortcuts.",divergence,,false,,
2,2026-05-09T14:00:26+02:00,Participant 2,"I agree it is impressive, but I did not feel lost for that long. For me the bigger issue was finding a quiet place between lectures, because every good study spot seems taken after lunch.",divergence,,false,,
3,2026-05-09T14:00:44+02:00,Participant 1,"That is true, but the quiet place problem is part of the size problem for me. If you do not know where smaller buildings are, you just go to the obvious places and then they are full.",divergence,,false,,
4,2026-05-09T14:01:00+02:00,Participant 2,"Maybe, but I think students also prefer the visible places because they want to bump into friends. So the crowdedness is not only about information, it is also social.",divergence,,false,,
5,2026-05-09T14:01:18+02:00,Participant 1,"Yes, like the Pulse building feels useful because it is study space and social space at the same time. But then it becomes too loud for people who actually need focus.",divergence,,false,,
6,2026-05-09T14:01:35+02:00,Participant 2,"Pepper, what do you think would help new students find suitable study places without everyone ending up in the library?",divergence,1,true,,
8,2026-05-09T14:02:06+02:00,Participant 1,"The new student perspective is useful. I would not trust just a map, because maps do not tell you if a space feels welcoming or if you are allowed to sit there.",divergence,,false,,
9,2026-05-09T14:02:20+02:00,Participant 2,"I partly disagree. A map with live occupancy would already solve a lot. Feeling welcome matters, but if you know a room is empty, you will at least try it.",divergence,,false,,
10,2026-05-09T14:02:39+02:00,Participant 1,"But live occupancy could push everyone to the same empty room. Maybe it needs categories, like silent, group work, quick laptop, and social study, not just open seats.",divergence,,false,,
11,2026-05-09T14:02:55+02:00,Participant 2,"That is fair. Categories would stop people treating every seat as the same. It could also include whether sockets are available, because that decides where I sit.",divergence,,false,,
12,2026-05-09T14:03:13+02:00,Participant 1,"Exactly, and maybe students could tag spaces after using them. Like this room is quiet before noon but impossible after project deadlines.",divergence,,false,,
13,2026-05-09T14:03:29+02:00,Participant 2,"I like the tagging idea, although I worry people would not update it. TU Delft apps already ask for things and students ignore notifications.",divergence,,false,,
14,2026-05-09T14:03:47+02:00,Participant 1,"Then maybe it should not rely on constant ratings. Orientation mentors could give first-year students a starter list, and the app only updates occupancy automatically.",divergence,,false,,
15,2026-05-09T14:04:03+02:00,Participant 2,"Yes, mentors make it more human. I remember learning more from one older student in my first week than from official pages.",divergence,,false,,
16,2026-05-09T14:04:22+02:00,Participant 1,"Official information is not wrong, it is just too clean. It does not say that sometimes the best place is a random bench near your faculty because your next lecture is close.",divergence,,false,,
17,2026-05-09T14:04:39+02:00,Participant 2,"Pepper, what else should we include if the issue is not only finding seats but feeling that the campus belongs to you?",divergence,2,true,,
19,2026-05-09T14:05:08+02:00,Participant 1,"Food is a big one. If you can only afford coffee sometimes, you do not hang around after class. You go home or bring food and feel awkward eating it somewhere.",divergence,,false,,
20,2026-05-09T14:05:25+02:00,Participant 2,"I agree on affordability. But I do not think cheap food alone creates belonging. The faculty culture matters too, because some buildings feel like they are for insiders.",divergence,,false,,
21,2026-05-09T14:05:43+02:00,Participant 1,"I see that. Architecture has that effect. Some entrances are glass and open, and others feel like you need a reason to enter even if it is public.",divergence,,false,,
22,2026-05-09T14:06:01+02:00,Participant 2,"The industrial design faculty feels open to me because the projects are visible. Electrical engineering feels more closed, but maybe that is just because I do not study there.",divergence,,false,,
23,2026-05-09T14:06:19+02:00,Participant 1,"That is exactly the point. If you do not study there, you are unsure if you can use the cafe or printer or just sit. The campus says it is shared, but the buildings do not always say that.",divergence,,false,,
24,2026-05-09T14:06:36+02:00,Participant 2,"Maybe signs could say open study area for all students. That sounds small, but it removes the social guesswork.",divergence,,false,,
25,2026-05-09T14:06:55+02:00,Participant 1,"Yes, and maybe not only signs. Screens could show which spaces are open to everyone today, because sometimes rooms are booked and sometimes empty.",divergence,,false,,
26,2026-05-09T14:07:12+02:00,Participant 2,"That connects back to the map. The map should be both digital and physical, because not everyone wants to open an app when they are already stressed.",divergence,,false,,
27,2026-05-09T14:07:31+02:00,Participant 1,"Pepper, what is the difference between a wayfinding problem and a belonging problem here?",divergence,3,true,,
29,2026-05-09T14:08:04+02:00,Participant 2,"That distinction helps. A sign solves permission if it says all students welcome. The app solves directions. But social comfort might need actual people or visible norms.",divergence,,false,,
30,2026-05-09T14:08:21+02:00,Participant 1,"Visible norms could be examples like students from different faculties working there. Maybe posters showing cross-faculty projects would make spaces feel less owned by one group.",divergence,,false,,
31,2026-05-09T14:08:38+02:00,Participant 2,"I am not sure posters would change behavior. People ignore posters. I think events or shared courses would do more than wall text.",divergence,,false,,
32,2026-05-09T14:08:57+02:00,Participant 1,"Events are stronger, but they also take organization. Posters could be a low-effort signal. Maybe the deeper solution is programming the spaces with small recurring activities.",divergence,,false,,
33,2026-05-09T14:09:16+02:00,Participant 2,"Small recurring activities sounds better. Like coffee mornings, project clinics, or language tables in different faculties so you have a reason to enter.",divergence,,false,,
34,2026-05-09T14:09:34+02:00,Participant 1,"Language tables would help international students. They might also help Dutch students meet people outside their programme, because otherwise groups stay separate.",divergence,,false,,
35,2026-05-09T14:09:52+02:00,Participant 2,"But there is a risk that only already social students attend. The isolated students may not go to a coffee morning because that is exactly what feels scary.",divergence,,false,,
36,2026-05-09T14:10:10+02:00,Participant 1,"Then the entry has to be tied to something practical. Not just meet people, but bring your assignment question or find a study partner for a course.",divergence,,false,,
37,2026-05-09T14:10:29+02:00,Participant 2,"Pepper, if we had to move from brainstorming to choosing, what do we do next?",convergence,4,true,,
39,2026-05-09T14:11:02+02:00,Participant 1,"On impact and ease, open-to-all signs are easy but maybe low impact. Mentor recommendations are medium effort and high impact for first years.",convergence,,false,,
40,2026-05-09T14:11:19+02:00,Participant 2,"The map is high impact if it works, but implementation is harder because live occupancy needs sensors or booking data. Signs are boring but realistic.",convergence,,false,,
41,2026-05-09T14:11:38+02:00,Participant 1,"I do not want to dismiss the map, because TU Delft probably has booking data already. Maybe not seat-level data, but room availability at least.",convergence,,false,,
42,2026-05-09T14:11:55+02:00,Participant 2,"Room availability is not the same as useful study space. A booked room might be empty, and an unbooked room might still feel unavailable if the door is closed.",convergence,,false,,
43,2026-05-09T14:12:13+02:00,Participant 1,"Good point. So the map is more complex than it sounds. Maybe the first version should not promise live accuracy, just curated study routes.",convergence,,false,,
44,2026-05-09T14:12:31+02:00,Participant 2,"Curated routes are realistic. Route one could be silent study, route two group work, route three affordable food and short breaks.",convergence,,false,,
45,2026-05-09T14:12:49+02:00,Participant 1,"That sounds like something mentors could literally walk through during introduction week. Then students remember a route physically, not only digitally.",convergence,,false,,
46,2026-05-09T14:13:07+02:00,Participant 2,"Yes, and after that it can live as a map. The route has a human introduction first and a digital memory later.",convergence,,false,,
47,2026-05-09T14:13:26+02:00,Participant 1,"Pepper, what problems could this route idea create and how could we overcome them?",convergence,5,true,,
49,2026-05-09T14:14:00+02:00,Participant 2,"Overcrowding is the strongest objection. If every mentor takes students to the same hidden quiet place, it stops being hidden and quiet.",convergence,,false,,
50,2026-05-09T14:14:18+02:00,Participant 1,"We could have different routes by faculty and time of day. The goal is not one secret place, it is teaching students how to identify suitable places.",convergence,,false,,
51,2026-05-09T14:14:35+02:00,Participant 2,"That changes the idea. It becomes a skill-building route, not just a list of spaces. I like that more.",convergence,,false,,
52,2026-05-09T14:14:53+02:00,Participant 1,"And for students who miss introduction week, the app can offer the same route as a fifteen-minute self-guided walk with photos and short notes.",convergence,,false,,
53,2026-05-09T14:15:11+02:00,Participant 2,"Maintenance could be handled by student assistants each quarter. Not daily updates, just checking whether the route still makes sense.",convergence,,false,,
54,2026-05-09T14:15:29+02:00,Participant 1,"Quarterly updates are realistic. It also gives student assistants ownership, so the advice remains student-language instead of institutional language.",convergence,,false,,
55,2026-05-09T14:15:48+02:00,Participant 2,"Pepper, imagine how a commuter student would feel using this idea compared with someone living near campus.",convergence,6,true,,
57,2026-05-09T14:16:21+02:00,Participant 1,"For commuters, the route should start from bike parking, tram stops, or the train connection, not from the central library. Their campus starts at arrival points.",convergence,,false,,
58,2026-05-09T14:16:39+02:00,Participant 2,"Yes, and it should show lockers, microwaves, and places where you can sit for forty minutes without buying anything. That is different from a social route.",convergence,,false,,
59,2026-05-09T14:16:58+02:00,Participant 1,"The no-purchase sitting is important. If belonging depends on buying coffee, then campus is not equally accessible.",convergence,,false,,
60,2026-05-09T14:17:16+02:00,Participant 2,"I agree, although cafes still matter. Maybe the route labels free pause spaces and paid food spaces separately, so students can choose without guessing.",convergence,,false,,
61,2026-05-09T14:17:34+02:00,Participant 1,"That is a practical design detail. The route could have icons for free seating, microwave, water refill, quiet, group work, sockets, and accessible entrance.",convergence,,false,,
62,2026-05-09T14:17:52+02:00,Participant 2,"Accessible entrance should not be an afterthought. Some shortcuts on campus are terrible if you have mobility issues or if it is raining hard.",convergence,,false,,
63,2026-05-09T14:18:11+02:00,Participant 1,"Pepper, how would that affect whether our idea is accurate or actually useful?",convergence,7,true,,
65,2026-05-09T14:18:44+02:00,Participant 2,"Testing with different students would probably reveal that our route is too idealized. We need versions, not one universal route.",convergence,,false,,
66,2026-05-09T14:19:02+02:00,Participant 1,"Versions make sense, but too many versions become confusing. Maybe the app asks one question first: what do you need right now?",convergence,,false,,
67,2026-05-09T14:19:20+02:00,Participant 2,"Then choices could be focus, group work, food break, quick rest, or ask someone. That is simple enough and it respects different needs.",convergence,,false,,
68,2026-05-09T14:19:38+02:00,Participant 1,"I like that final framing. It is not TU Delft telling students where to go, it is students choosing the kind of campus support they need in that moment.",convergence,,false,,
69,2026-05-09T14:19:55+02:00,Participant 2,"So our proposal is student-led campus routes: introduced by mentors, maintained by student assistants, available in the app and on screens, with options for different immediate needs.",convergence,,false,,
70,2026-05-09T14:20:00+02:00,Participant 1,"Yes, and it should include permission signals, not only directions: free seating, open-to-all areas, accessibility, and practical support points.",convergence,,false,,
